home_elo,away_elo,home_squad_value,away_squad_value,home_form,away_form,home_goals_last5,away_goals_last5,outcome
1630.0,1555.0,270.3,268.0,0.519,0.921,0,2,A
1496.0,1533.0,321.6,245.7,0.625,0.099,0,3,H
1675.0,1643.0,271.9,319.1,0.213,0.682,1,1,D
1694.0,1625.0,429.1,298.5,0.448,0.629,5,0,H
1405.0,1460.0,364.4,20.0,0.203,0.809,2,2,D
1470.0,1712.0,225.4,293.6,0.022,0.651,1,2,A
1613.0,1591.0,224.6,169.7,0.981,0.769,1,0,H
1568.0,1489.0,287.6,136.3,0.259,0.421,3,2,H
1598.0,1719.0,183.0,234.9,0.593,0.489,1,1,H
1515.0,1663.0,343.3,282.9,0.3,0.702,4,2,H
1688.0,1474.0,278.9,118.7,0.371,0.568,1,1,H
1678.0,1778.0,270.5,306.4,0.398,0.512,1,3,A
1607.0,1666.0,305.0,311.1,0.335,0.206,3,1,H
1713.0,1599.0,387.8,253.8,0.637,0.258,1,0,H
1647.0,1759.0,263.7,180.6,0.961,0.358,0,0,D
1514.0,1616.0,241.0,171.6,0.429,0.009,3,0,H
1637.0,1597.0,370.7,332.1,0.973,0.417,3,1,D
1504.0,1534.0,327.4,129.1,0.668,0.003,4,2,H
1688.0,1658.0,224.3,335.2,0.607,0.565,2,0,D
1595.0,1648.0,250.4,236.8,0.237,0.704,0,1,H
1582.0,1601.0,265.6,242.3,0.063,0.562,0,0,A
1532.0,1521.0,278.9,113.4,0.852,0.694,1,3,D
1722.0,1613.0,141.5,238.3,0.574,0.0,0,1,H
1585.0,1593.0,126.6,299.1,0.414,0.059,2,1,A
1557.0,1467.0,179.0,143.1,0.812,0.698,2,1,D
1565.0,1453.0,172.8,289.9,0.311,0.803,2,1,H
1653.0,1657.0,198.5,257.1,0.784,0.718,1,2,D
1637.0,1340.0,300.8,198.5,0.328,0.663,1,2,D
1641.0,1621.0,236.5,318.4,0.921,0.707,0,1,H
1643.0,1552.0,265.7,73.8,0.268,0.74,0,1,D
1814.0,1731.0,152.1,277.7,0.138,0.724,1,2,H
1559.0,1551.0,213.1,379.6,0.698,0.738,1,2,A
1549.0,1666.0,297.0,365.2,0.163,0.074,4,2,A
1519.0,1560.0,297.6,281.2,0.949,0.063,1,2,H
1662.0,1611.0,192.0,225.9,0.656,0.361,3,3,H
1713.0,1674.0,262.9,199.1,0.231,0.528,1,1,H
1589.0,1554.0,425.9,225.8,0.209,0.763,3,0,D
1516.0,1700.0,248.6,293.5,0.924,0.335,1,2,H
1518.0,1501.0,194.5,185.4,0.608,0.275,4,1,H
1665.0,1629.0,236.1,310.6,0.894,0.781,1,3,A
1674.0,1692.0,257.4,420.7,0.11,0.249,0,1,D
1654.0,1666.0,237.9,245.0,0.925,0.821,2,1,H
1533.0,1792.0,247.5,142.4,0.52,0.177,2,2,D
1623.0,1524.0,134.5,142.4,0.668,0.359,2,0,D
1612.0,1462.0,173.0,312.1,0.373,0.401,2,2,H
1622.0,1501.0,238.1,245.2,0.059,0.3,2,1,A
1687.0,1666.0,236.8,320.1,0.958,0.003,3,2,H
1622.0,1650.0,204.7,207.3,0.995,0.236,1,1,D
1668.0,1610.0,235.8,316.4,0.365,0.338,0,1,H
1607.0,1488.0,254.9,237.3,0.944,0.314,1,1,H
1629.0,1677.0,321.2,191.4,0.168,0.786,0,1,A
1663.0,1478.0,242.1,217.9,0.155,0.047,1,1,H
1454.0,1716.0,281.9,154.2,0.073,0.389,1,2,H
1568.0,1886.0,206.7,409.1,0.391,0.038,1,2,A
1553.0,1637.0,295.8,242.3,0.052,0.931,2,4,H
1536.0,1658.0,280.1,301.6,0.395,0.79,1,2,H
1572.0,1551.0,319.3,207.1,0.138,0.982,3,0,D
1749.0,1419.0,307.1,165.8,0.731,0.91,1,0,D
1513.0,1540.0,297.1,231.3,0.833,0.316,3,0,H
1697.0,1491.0,242.1,338.1,0.688,0.692,0,2,H
1432.0,1455.0,269.6,208.3,0.2,0.307,2,3,H
1567.0,1772.0,335.1,180.4,0.767,0.888,2,1,H
1616.0,1627.0,197.8,262.4,0.25,0.411,1,1,H
1659.0,1638.0,199.7,289.9,0.759,0.376,4,0,D
1671.0,1569.0,264.5,381.4,0.567,0.914,1,2,H
1679.0,1583.0,283.2,278.3,0.367,0.837,4,1,H
1565.0,1696.0,184.1,301.5,0.083,0.966,1,1,A
1554.0,1597.0,244.0,307.5,0.828,0.066,1,0,H
1686.0,1653.0,242.5,157.8,0.94,0.243,0,0,H
1581.0,1580.0,72.8,172.9,0.666,0.301,0,2,D
1472.0,1566.0,232.4,163.3,0.965,0.424,0,1,H
1487.0,1459.0,237.4,143.4,0.934,0.473,0,4,H
1508.0,1402.0,237.2,313.6,0.195,0.291,0,1,H
1650.0,1574.0,363.3,273.2,0.731,0.79,2,0,H
1614.0,1606.0,152.7,256.4,0.349,0.223,3,2,H
1669.0,1471.0,184.0,42.6,0.488,0.697,2,3,H
1557.0,1597.0,41.0,414.4,0.157,0.852,3,1,A
1616.0,1605.0,211.5,178.5,0.975,0.604,2,2,H
1663.0,1384.0,218.3,414.1,0.726,0.354,0,2,H
1569.0,1508.0,209.2,134.1,0.267,0.188,1,0,H
1646.0,1641.0,338.6,185.0,0.371,0.134,1,2,H
1534.0,1639.0,318.8,73.8,0.422,0.744,4,1,H
1564.0,1485.0,256.2,279.0,0.748,0.469,3,2,D
1562.0,1616.0,220.4,161.9,0.926,0.046,4,2,H
1480.0,1702.0,332.1,164.2,0.321,0.984,4,0,D
1649.0,1678.0,248.4,140.2,0.473,0.671,1,1,H
1553.0,1590.0,184.5,312.2,0.593,0.844,1,2,H
1601.0,1553.0,112.7,306.9,0.393,0.438,1,0,A
1648.0,1537.0,214.7,395.0,0.504,0.955,1,0,A
1645.0,1647.0,310.4,195.1,0.106,0.2,4,0,D
1667.0,1620.0,432.1,267.5,0.168,0.185,1,2,H
1590.0,1663.0,254.9,146.9,0.401,0.89,3,2,H
1558.0,1613.0,188.8,223.2,0.915,0.892,0,1,A
1592.0,1682.0,155.2,208.5,0.349,0.499,2,1,D
1431.0,1609.0,294.2,287.2,0.25,0.126,2,2,H
1455.0,1678.0,108.8,331.4,0.743,0.305,1,1,A
1468.0,1687.0,294.0,329.3,0.949,0.754,3,0,H
1500.0,1520.0,315.4,182.6,0.459,0.846,2,0,D
1640.0,1419.0,284.9,329.9,0.009,0.348,3,4,D
1509.0,1754.0,232.4,246.5,0.688,0.061,2,5,A
1562.0,1626.0,295.2,224.0,0.415,0.666,2,3,H
1730.0,1429.0,263.7,193.3,0.674,0.739,0,0,H
1564.0,1529.0,187.8,205.2,0.278,0.424,2,6,A
1674.0,1677.0,398.0,389.4,0.002,0.583,0,0,A
1507.0,1572.0,221.9,274.6,0.344,0.987,1,1,A
1579.0,1549.0,312.1,264.0,0.705,0.245,1,2,D
1505.0,1740.0,56.5,229.0,0.393,0.573,1,1,A
1566.0,1495.0,352.1,445.7,0.219,0.611,3,1,D
1684.0,1520.0,367.5,354.4,0.464,0.549,4,2,D
1427.0,1621.0,252.4,192.3,0.752,0.869,3,1,A
1643.0,1639.0,294.7,228.1,0.119,0.605,2,1,A
1624.0,1650.0,294.7,232.9,0.692,0.508,0,0,H
1541.0,1691.0,198.6,261.7,0.667,0.123,1,1,A
1455.0,1620.0,293.8,193.9,0.371,0.703,4,0,H
1607.0,1649.0,185.3,285.1,0.97,0.132,1,1,D
1547.0,1574.0,201.3,366.2,0.895,0.027,1,2,H
1623.0,1606.0,340.2,144.9,0.316,0.489,2,1,H
1602.0,1611.0,328.0,159.7,0.031,0.572,0,1,A
1760.0,1622.0,193.5,211.3,0.308,0.999,4,2,D
1576.0,1677.0,191.3,215.1,0.205,0.712,1,3,A
1498.0,1656.0,198.4,409.9,0.547,0.849,3,2,D
1618.0,1604.0,308.6,330.1,0.919,0.346,1,1,H
1622.0,1519.0,170.0,325.5,0.87,0.509,1,0,H
1736.0,1607.0,278.5,228.9,0.306,0.974,2,1,H
1684.0,1597.0,309.7,227.1,0.429,0.417,1,0,D
1636.0,1619.0,242.9,133.9,0.037,0.807,1,0,H
1746.0,1821.0,330.8,312.5,0.544,0.526,1,3,H
1481.0,1548.0,225.7,289.3,0.063,0.224,0,2,A
1536.0,1642.0,232.9,352.9,0.939,0.58,2,3,H
1507.0,1707.0,171.8,233.1,0.867,0.218,2,0,D
1561.0,1610.0,331.4,238.7,0.214,0.003,3,2,H
1462.0,1834.0,188.7,263.6,0.699,0.236,1,0,D
1664.0,1562.0,278.0,321.4,0.568,0.193,2,5,H
1578.0,1632.0,244.3,132.4,0.801,0.371,1,2,H
1453.0,1520.0,165.8,308.9,0.476,0.889,0,1,A
1498.0,1565.0,201.3,248.4,0.192,0.388,2,2,A
1631.0,1625.0,360.6,165.3,0.64,0.845,3,1,D
1684.0,1685.0,266.1,83.2,0.08,0.556,0,1,D
1800.0,1632.0,169.3,239.1,0.585,0.008,1,0,D
1891.0,1726.0,274.4,365.8,0.213,0.189,1,3,D
1641.0,1591.0,238.3,384.0,0.685,0.931,3,0,A
1501.0,1567.0,526.3,278.4,0.828,0.604,0,1,H
1387.0,1870.0,272.8,407.0,0.11,0.93,1,2,D
1627.0,1639.0,219.6,246.6,0.4,0.31,4,2,D
1519.0,1528.0,363.6,326.3,0.734,0.717,1,0,D
1558.0,1531.0,102.7,213.9,0.164,0.772,1,1,A
1539.0,1506.0,257.5,208.8,0.567,0.976,2,3,D
1586.0,1694.0,409.6,195.8,0.672,0.018,0,2,D
1707.0,1564.0,240.7,85.2,0.355,0.952,0,1,H
1616.0,1613.0,111.3,353.0,0.832,0.392,3,1,D
1584.0,1594.0,218.3,198.7,0.511,0.838,0,2,H
1496.0,1673.0,366.4,185.9,0.627,0.545,2,1,H
1433.0,1515.0,280.1,155.6,0.141,0.565,3,0,H
1551.0,1492.0,182.9,233.7,0.023,0.359,3,3,H
1595.0,1622.0,195.2,391.1,0.051,0.828,2,0,A
1777.0,1660.0,205.2,417.5,0.904,0.264,2,1,H
1613.0,1633.0,278.9,117.1,0.883,0.492,1,1,D
1698.0,1519.0,357.1,221.6,0.808,0.56,2,2,H
1550.0,1668.0,334.2,167.3,0.2,0.743,2,1,A
1482.0,1526.0,286.5,329.1,0.525,0.472,0,1,H
1503.0,1548.0,143.5,272.9,0.796,0.68,1,1,A
1527.0,1506.0,143.8,199.1,0.675,0.485,3,0,H
1813.0,1730.0,292.7,255.8,0.116,0.659,6,1,H
1518.0,1663.0,142.4,211.8,0.896,0.674,1,1,A
1684.0,1660.0,232.0,379.1,0.161,0.709,2,2,A
1510.0,1725.0,274.3,293.8,0.172,0.823,3,1,A
1693.0,1881.0,159.0,303.6,0.901,0.541,1,1,A
1638.0,1429.0,168.1,36.6,0.485,0.193,3,1,H
1584.0,1526.0,242.5,244.7,0.373,0.68,1,1,H
1596.0,1538.0,290.3,416.7,0.554,0.077,1,3,A
1535.0,1515.0,334.9,356.1,0.981,0.219,1,0,H
1645.0,1492.0,298.6,102.2,0.12,0.792,1,3,H
1555.0,1570.0,255.9,224.9,0.757,0.435,1,1,H
1477.0,1478.0,190.3,153.9,0.334,0.498,1,1,H
1472.0,1634.0,164.3,386.9,0.117,0.987,1,1,A
1617.0,1605.0,209.1,269.5,0.422,0.235,1,4,A
1758.0,1648.0,282.8,188.6,0.549,0.02,2,3,H
1616.0,1651.0,276.9,252.7,0.206,0.111,2,1,A
1588.0,1660.0,82.0,41.4,0.405,0.245,1,1,H
1629.0,1563.0,187.1,163.2,0.636,0.726,1,2,H
1731.0,1812.0,346.4,252.9,0.576,0.776,3,1,H
1622.0,1623.0,256.3,317.7,0.723,0.565,1,1,H
1559.0,1414.0,136.6,94.7,0.836,0.255,1,2,H
1711.0,1500.0,438.5,219.5,0.409,0.522,0,1,H
1643.0,1426.0,247.7,330.8,0.423,0.015,0,2,D
1754.0,1602.0,280.7,133.9,0.497,0.682,1,1,H
1618.0,1588.0,282.0,268.3,0.566,0.614,2,1,H
1478.0,1553.0,220.6,255.3,0.108,0.022,0,2,D
1463.0,1801.0,191.8,387.2,0.313,0.817,0,3,D
1765.0,1655.0,419.7,231.6,0.172,0.763,0,0,H
1772.0,1673.0,330.3,236.3,0.386,0.308,2,2,H
1582.0,1507.0,315.8,318.4,0.973,0.635,0,0,D
1562.0,1500.0,296.1,143.9,0.583,0.601,1,0,D
1746.0,1604.0,169.7,232.3,0.429,0.143,2,1,H
1489.0,1617.0,352.2,213.5,0.566,0.193,4,2,D
1511.0,1414.0,182.5,238.9,0.669,0.683,3,3,D
1664.0,1582.0,272.7,317.9,0.435,0.934,3,3,H
1561.0,1601.0,118.8,294.3,0.448,0.576,0,0,A
1599.0,1578.0,86.7,190.1,0.701,0.568,1,4,D
1584.0,1519.0,275.5,260.9,0.061,0.647,1,1,D
1634.0,1546.0,185.3,369.2,0.54,0.441,2,0,D
1741.0,1582.0,90.9,183.5,0.547,0.054,1,0,D
1609.0,1609.0,293.2,261.6,0.757,0.397,2,1,D
1664.0,1660.0,419.6,234.5,0.983,0.9,1,1,D
1395.0,1708.0,361.2,245.0,0.796,0.805,0,1,D
1595.0,1571.0,229.4,119.5,0.504,0.927,1,0,A
1516.0,1554.0,250.7,362.9,0.169,0.153,0,1,A
1478.0,1644.0,321.0,188.1,0.588,0.506,3,3,A
1512.0,1661.0,339.8,332.1,0.834,0.585,1,0,A
1567.0,1557.0,222.5,200.3,0.932,0.21,2,2,H
1692.0,1679.0,252.7,200.0,0.825,0.201,3,0,H
1467.0,1698.0,274.0,347.0,0.189,0.782,2,2,A
1603.0,1729.0,294.3,329.5,0.713,0.672,1,2,A
1552.0,1778.0,239.4,266.7,0.88,0.647,1,2,A
1567.0,1513.0,240.4,310.9,0.681,0.267,2,1,H
1700.0,1601.0,360.4,226.9,0.686,0.507,2,4,H
1654.0,1601.0,346.8,249.3,0.5,0.023,1,1,H
1734.0,1590.0,288.2,197.1,0.637,0.13,2,2,H
1585.0,1535.0,387.5,322.3,0.294,0.518,1,1,A
1530.0,1451.0,219.1,194.5,0.089,0.31,2,1,H
1578.0,1609.0,379.8,368.8,0.828,0.966,2,0,H
1624.0,1523.0,293.4,224.7,0.943,0.471,0,4,H
1618.0,1609.0,511.7,251.6,0.857,0.084,0,2,D
1492.0,1521.0,154.6,310.7,0.334,0.018,1,2,A
1609.0,1490.0,194.9,251.9,0.094,0.725,0,0,H
1623.0,1623.0,283.5,226.2,0.28,0.172,1,1,H
1852.0,1615.0,281.8,247.6,0.843,0.188,1,1,H
1788.0,1658.0,406.0,321.5,0.656,0.424,1,2,H
1515.0,1819.0,196.5,197.0,0.967,0.264,1,1,A
1571.0,1628.0,322.4,239.9,0.343,0.617,2,0,H
1454.0,1649.0,343.0,250.8,0.551,0.486,3,0,D
1541.0,1492.0,306.4,319.2,0.79,0.111,2,2,H
1632.0,1471.0,173.1,242.0,0.234,0.785,2,1,H
1721.0,1758.0,362.6,394.7,0.964,0.426,0,3,D
1527.0,1508.0,348.3,237.5,0.592,0.611,1,2,H
1535.0,1496.0,298.0,231.0,0.008,0.004,0,4,H
1385.0,1596.0,266.3,236.3,0.025,0.626,2,3,D
1584.0,1591.0,268.1,144.7,0.882,0.283,4,3,H
1494.0,1510.0,243.7,167.1,0.645,0.494,0,0,D
1547.0,1570.0,301.3,207.5,0.763,0.298,1,2,H
1512.0,1723.0,252.5,340.9,0.784,0.996,4,6,H
1591.0,1519.0,182.1,247.3,0.42,0.231,1,4,A
1424.0,1461.0,166.1,211.2,0.799,0.913,1,1,H
1453.0,1694.0,189.8,348.1,0.938,0.918,3,1,A
1813.0,1649.0,267.8,374.1,0.172,0.421,1,1,D
1471.0,1538.0,247.8,350.4,0.764,0.304,1,0,H
1490.0,1442.0,267.2,181.8,0.308,0.381,4,1,H
1784.0,1526.0,290.1,210.4,0.321,0.989,1,0,D
1891.0,1595.0,199.8,395.1,0.413,0.619,1,0,H
1483.0,1717.0,367.3,269.3,0.864,0.545,0,3,A
1563.0,1496.0,228.6,228.6,0.022,0.036,0,0,H
1634.0,1592.0,215.3,307.5,0.434,0.848,1,3,A
1773.0,1668.0,288.6,330.6,0.68,0.084,2,3,D
1501.0,1362.0,103.1,204.3,0.11,0.047,4,0,H
1575.0,1703.0,186.8,267.6,0.792,0.275,0,3,H
1678.0,1482.0,328.5,324.1,0.942,0.476,2,0,H
1643.0,1633.0,111.0,157.2,0.091,0.895,0,2,A
1562.0,1625.0,339.4,251.0,0.153,0.79,3,4,H
1587.0,1708.0,370.9,160.8,0.974,0.198,2,4,H
1463.0,1655.0,220.4,171.3,0.198,0.372,0,2,A
1576.0,1362.0,273.3,205.0,0.079,0.78,0,1,H
1573.0,1522.0,339.5,288.2,0.952,0.527,4,2,D
1623.0,1614.0,212.7,224.2,0.893,0.174,0,3,H
1544.0,1581.0,319.4,198.1,0.656,0.396,2,0,H
1647.0,1648.0,196.3,254.1,0.551,0.626,1,2,H
1701.0,1679.0,211.8,158.2,0.919,0.973,0,1,H
1616.0,1661.0,186.1,284.3,0.656,0.662,1,0,H
1635.0,1579.0,277.4,340.5,0.658,0.016,0,2,H
1605.0,1415.0,342.6,243.7,0.844,0.705,2,1,D
1600.0,1554.0,235.3,233.8,0.653,0.251,1,1,H
1528.0,1642.0,148.3,279.9,0.504,0.862,2,0,H
1632.0,1491.0,163.4,87.7,0.39,0.384,2,0,H
1590.0,1663.0,281.6,292.9,0.503,0.2,3,0,D
1809.0,1691.0,397.5,498.2,0.522,0.468,4,3,H
1757.0,1613.0,281.5,240.2,0.361,0.255,0,0,A
1639.0,1294.0,219.0,240.5,0.448,0.236,2,3,H
1524.0,1472.0,311.3,309.5,0.802,0.573,2,0,H
1489.0,1789.0,230.8,381.6,0.417,0.767,1,2,D
1719.0,1545.0,219.7,328.0,0.026,0.835,2,3,H
1626.0,1402.0,173.3,77.6,0.283,0.398,3,2,H
1648.0,1724.0,362.7,295.1,0.232,0.067,0,1,H
1426.0,1601.0,46.9,455.8,0.794,0.484,1,6,A
1693.0,1710.0,313.8,299.8,0.449,0.434,2,0,A
1645.0,1628.0,212.9,157.6,0.28,0.197,3,2,D
1489.0,1646.0,217.2,272.5,0.811,0.896,3,2,A
1553.0,1636.0,385.4,147.5,0.019,0.974,1,1,D
1626.0,1670.0,192.9,348.6,0.174,0.052,0,0,A
1605.0,1828.0,195.6,173.5,0.827,0.796,1,0,D
1571.0,1697.0,239.6,255.9,0.551,0.646,0,2,D
1590.0,1442.0,283.1,181.4,0.774,0.261,2,2,H
1575.0,1645.0,214.7,206.3,0.838,0.635,3,1,H
1615.0,1714.0,124.1,368.9,0.942,0.129,1,1,A
1747.0,1720.0,180.7,258.3,0.063,0.069,2,2,H
1343.0,1557.0,352.5,205.3,0.799,0.993,3,3,H
1576.0,1716.0,256.0,158.4,0.709,0.636,1,0,H
1618.0,1693.0,286.1,100.3,0.207,0.253,1,0,D
1630.0,1857.0,229.1,149.9,0.932,0.45,2,1,H
1563.0,1525.0,197.2,259.0,0.404,0.95,1,2,D
1424.0,1549.0,384.2,328.4,0.888,0.439,2,1,H
1633.0,1569.0,234.9,205.2,0.605,0.9,3,0,H
1773.0,1551.0,214.5,375.6,0.527,0.869,3,2,D
1447.0,1511.0,337.7,192.6,0.16,0.344,2,2,H
1686.0,1324.0,192.2,231.0,0.914,0.696,0,1,H
1567.0,1557.0,202.4,163.6,0.557,0.66,1,0,A
1594.0,1637.0,250.8,329.3,0.006,0.771,3,2,A
1495.0,1551.0,250.0,417.8,0.018,0.366,0,2,A
1567.0,1794.0,270.8,109.1,0.778,0.052,2,1,D
1730.0,1601.0,417.3,222.3,0.162,0.171,1,2,H
1658.0,1729.0,276.9,351.2,0.599,0.617,0,1,D
1773.0,1626.0,59.8,134.2,0.681,0.775,2,5,H
1718.0,1683.0,276.1,295.3,0.279,0.756,2,0,H
1644.0,1628.0,253.0,347.7,0.569,0.584,1,1,H
1774.0,1737.0,253.5,256.3,0.24,0.085,1,1,H
1644.0,1606.0,269.7,294.0,0.946,0.017,1,3,H
1683.0,1650.0,247.7,390.9,0.86,0.782,3,3,H
1570.0,1637.0,245.8,405.9,0.288,0.549,2,0,A
1607.0,1571.0,299.0,245.0,0.529,0.783,3,6,H
1530.0,1640.0,206.6,207.4,0.501,0.163,2,2,D
1699.0,1823.0,174.2,176.4,0.96,0.407,2,0,H
1482.0,1573.0,491.9,328.2,0.394,0.919,2,3,A
1678.0,1642.0,192.7,140.3,0.562,0.172,1,1,D
1581.0,1726.0,258.0,229.8,0.929,0.062,2,2,H
1717.0,1714.0,130.3,258.2,0.163,0.653,1,1,A
1675.0,1601.0,259.3,209.8,0.55,0.595,2,3,H
1782.0,1362.0,175.3,272.4,0.106,0.952,0,0,H
1673.0,1652.0,214.6,455.2,0.617,0.906,0,1,D
1443.0,1378.0,333.6,240.3,0.366,0.749,1,1,H
1593.0,1747.0,287.8,215.2,0.968,0.019,1,0,D
1483.0,1617.0,295.5,331.2,0.415,0.48,0,1,D
1548.0,1700.0,108.3,269.2,0.136,0.896,1,2,A
1751.0,1510.0,397.0,365.1,0.834,0.434,0,0,D
1664.0,1445.0,154.6,263.2,0.821,0.962,0,0,H
1530.0,1626.0,372.3,230.1,0.695,0.652,3,3,D
1499.0,1597.0,331.7,107.3,0.749,0.109,3,0,H
1603.0,1551.0,296.2,120.4,0.265,0.509,5,0,D
1478.0,1608.0,181.6,103.1,0.642,0.696,0,1,H
1533.0,1877.0,262.1,280.3,0.038,0.065,0,0,A
1631.0,1683.0,212.3,141.0,0.197,0.345,1,3,D
1716.0,1705.0,252.3,350.4,0.932,0.717,1,1,A
1661.0,1684.0,230.0,252.4,0.739,0.157,1,2,A
1371.0,1748.0,86.9,230.5,0.231,0.348,2,3,A
1630.0,1581.0,339.7,182.5,0.111,0.69,2,1,H
1607.0,1395.0,243.5,299.8,0.949,0.776,2,1,H
1641.0,1581.0,211.2,185.6,0.112,0.519,2,2,A
1762.0,1681.0,205.2,171.2,0.257,0.957,2,3,D
1394.0,1503.0,278.7,345.1,0.183,0.925,1,1,A
1541.0,1582.0,178.5,278.4,0.007,0.473,0,1,A
1659.0,1531.0,69.6,231.2,0.314,0.16,5,1,H
1442.0,1750.0,282.6,301.3,0.974,0.773,1,0,D
1748.0,1675.0,291.5,250.7,0.342,0.243,3,4,H
1637.0,1665.0,234.0,280.6,0.504,0.843,0,1,A
1685.0,1662.0,158.2,184.7,0.746,0.587,3,1,H
1543.0,1596.0,257.1,415.6,0.551,0.394,2,2,H
1681.0,1620.0,132.8,203.6,0.744,0.556,1,1,D
1707.0,1481.0,167.8,374.5,0.662,0.533,0,3,H
1623.0,1381.0,189.9,234.9,0.609,0.925,2,1,H
1623.0,1615.0,317.5,314.6,0.65,0.214,0,2,H
1627.0,1632.0,221.0,308.7,0.799,0.928,2,0,D
1514.0,1721.0,214.2,341.7,0.71,0.031,3,1,H
1585.0,1757.0,406.4,182.8,0.792,0.769,0,1,A
1585.0,1757.0,278.2,336.1,0.146,0.92,1,1,A
1638.0,1500.0,277.1,397.7,0.678,0.394,0,1,H
1700.0,1565.0,220.4,229.3,0.737,0.073,0,1,D
1494.0,1648.0,202.3,252.8,0.3,0.805,0,1,D
1587.0,1853.0,75.1,208.1,0.875,0.843,4,2,D
1748.0,1748.0,327.5,222.3,0.305,0.336,0,2,H
1526.0,1712.0,285.9,386.9,0.244,0.519,2,1,A
1518.0,1561.0,235.7,169.7,0.867,0.809,1,2,H
1620.0,1512.0,239.0,174.6,0.247,0.192,3,4,D
1684.0,1679.0,308.9,378.9,0.416,0.629,2,2,D
1601.0,1490.0,125.6,300.0,0.368,0.431,1,1,A
1733.0,1576.0,202.8,419.6,0.898,0.174,1,0,H
1686.0,1589.0,159.1,214.0,0.455,0.831,1,3,D
1684.0,1759.0,391.7,260.1,0.694,0.325,2,1,H
1655.0,1565.0,320.1,197.1,0.794,0.934,0,0,H
1833.0,1356.0,73.8,261.5,0.628,0.569,2,1,H
1579.0,1650.0,128.9,108.1,0.944,0.515,1,1,H
1400.0,1530.0,239.4,304.8,0.803,0.423,1,0,A
1760.0,1604.0,212.2,275.9,0.4,0.401,3,1,H
1554.0,1591.0,144.0,245.4,0.951,0.818,3,2,A
1611.0,1573.0,405.6,218.8,0.525,0.678,1,3,H
1731.0,1679.0,275.0,178.4,0.023,0.774,0,1,H
1440.0,1447.0,288.0,308.2,0.26,0.421,1,1,H
1475.0,1548.0,194.6,156.3,0.622,0.261,0,1,D
1440.0,1668.0,307.8,291.0,0.157,0.087,1,0,H
1521.0,1539.0,219.6,416.0,0.584,0.777,0,3,A
1644.0,1439.0,227.3,368.8,0.362,0.415,1,1,D
1652.0,1667.0,298.9,129.6,0.534,0.509,2,3,H
1628.0,1712.0,119.7,207.1,0.002,0.469,2,1,A
1459.0,1596.0,377.8,283.7,0.848,0.431,0,2,H
1369.0,1404.0,264.6,244.4,0.362,0.684,1,2,H
1605.0,1671.0,352.5,138.0,0.14,0.609,2,1,H
1553.0,1434.0,164.0,280.8,0.438,0.972,1,2,A
1646.0,1631.0,176.1,249.2,0.486,0.139,0,1,A
1670.0,1511.0,157.0,403.1,0.637,0.574,1,0,H
1614.0,1484.0,270.0,229.7,0.525,0.063,0,0,H
1676.0,1556.0,255.3,343.4,0.044,0.808,0,0,H
1623.0,1582.0,212.8,148.6,0.872,0.616,0,0,H
1653.0,1536.0,168.9,167.8,0.457,0.428,3,2,H
1530.0,1659.0,148.7,307.7,0.077,0.802,1,1,A
1582.0,1555.0,246.1,336.7,0.773,0.455,3,2,A
1620.0,1698.0,212.8,173.4,0.66,0.228,2,0,H
1682.0,1628.0,195.2,251.9,0.649,0.473,1,1,D
1561.0,1530.0,373.8,139.5,0.427,0.071,1,0,H
1652.0,1513.0,243.4,235.5,0.41,0.898,2,2,H
1573.0,1435.0,351.6,317.0,0.536,0.731,3,2,D
1588.0,1629.0,207.3,215.2,0.051,0.76,2,2,D
1683.0,1565.0,269.6,230.1,0.299,0.874,3,0,H
1401.0,1363.0,245.6,159.6,0.988,0.792,3,1,H
1470.0,1546.0,114.2,198.1,0.662,0.432,2,1,A
1452.0,1510.0,364.3,390.6,0.419,0.119,1,2,H
1367.0,1758.0,239.2,255.8,0.222,0.373,2,1,D
1532.0,1430.0,309.7,169.8,0.745,0.934,3,0,H
1675.0,1456.0,189.8,224.8,0.26,0.949,0,0,H
1572.0,1711.0,236.8,122.2,0.162,0.768,1,3,H
1620.0,1736.0,180.7,168.9,0.155,0.204,0,2,H
1709.0,1526.0,348.9,358.8,0.729,0.194,0,2,D
1733.0,1537.0,274.9,238.6,0.643,0.88,2,0,H
1593.0,1662.0,279.4,401.3,0.07,0.142,3,0,D
1735.0,1367.0,358.7,242.4,0.115,0.584,1,2,D
1609.0,1414.0,342.5,247.1,0.634,0.378,1,0,D
1516.0,1572.0,311.2,301.3,0.571,0.302,1,4,H
1541.0,1755.0,136.3,36.2,0.686,0.677,1,0,A
1452.0,1556.0,194.3,266.4,0.178,0.96,2,1,D
1511.0,1610.0,169.7,246.1,0.727,0.778,2,2,A
1564.0,1713.0,308.2,368.9,0.936,0.486,1,1,A
1680.0,1811.0,263.7,327.2,0.601,0.441,0,2,H
1772.0,1542.0,138.8,159.3,0.196,0.908,2,0,H
1462.0,1598.0,234.9,349.4,0.68,0.578,2,3,D
1639.0,1782.0,130.5,229.0,0.343,0.497,2,2,A
1496.0,1448.0,245.7,177.6,0.049,0.683,4,3,H
1647.0,1703.0,117.6,265.8,0.302,0.237,1,1,A
1587.0,1498.0,292.3,233.8,0.906,0.064,0,0,H
1417.0,1610.0,280.2,373.1,0.411,0.855,3,1,D
1693.0,1576.0,402.6,277.2,0.865,0.607,5,0,H
1539.0,1504.0,317.8,266.5,0.509,0.165,1,2,H
1547.0,1502.0,216.2,322.1,0.517,0.298,0,1,D
1493.0,1628.0,315.4,337.4,0.005,0.99,1,1,A
1535.0,1700.0,138.2,312.7,0.637,0.634,1,0,H
1643.0,1587.0,173.0,363.6,0.108,0.636,6,6,H
1581.0,1607.0,276.7,298.7,0.479,0.072,1,2,H
1633.0,1657.0,77.3,263.4,0.26,0.969,0,1,A
1636.0,1503.0,247.0,349.1,0.392,0.893,1,2,D
1732.0,1674.0,168.4,242.7,0.537,0.548,1,1,H
1566.0,1682.0,258.1,252.7,0.014,0.309,1,2,H
1452.0,1860.0,163.8,387.7,0.285,0.698,1,3,A
1707.0,1562.0,283.9,379.8,0.99,0.833,2,0,H
1567.0,1554.0,251.5,249.3,0.057,0.786,0,3,D
1711.0,1677.0,362.0,213.7,0.319,0.977,0,1,D
1638.0,1682.0,250.5,367.1,0.321,0.637,5,2,H
1587.0,1546.0,188.5,314.0,0.379,0.321,0,2,A
1635.0,1560.0,230.2,275.2,0.685,0.498,1,1,H
1795.0,1654.0,142.5,224.3,0.248,0.816,2,2,A
1808.0,1517.0,282.5,276.5,0.46,0.265,1,2,H
1607.0,1559.0,297.2,248.3,0.645,0.231,0,0,H
1616.0,1609.0,447.5,196.9,0.322,0.725,2,3,H
1708.0,1700.0,200.3,260.3,0.949,0.444,0,2,A
1515.0,1540.0,228.6,271.2,0.98,0.817,0,3,D
1633.0,1416.0,203.9,220.0,0.12,0.144,0,2,H
1597.0,1408.0,267.0,322.3,0.344,0.336,0,2,D
1631.0,1474.0,280.5,353.1,0.208,0.268,0,2,H
1517.0,1469.0,245.7,327.6,0.187,0.698,5,2,H
1441.0,1585.0,336.9,227.9,0.491,0.759,5,1,H
1393.0,1481.0,200.6,310.5,0.564,0.456,0,1,A
1488.0,1530.0,328.9,256.2,0.426,0.478,1,1,H
1554.0,1523.0,293.1,151.1,0.273,0.132,0,0,H
1571.0,1556.0,249.0,303.8,0.279,0.702,0,1,A
1794.0,1732.0,224.8,261.7,0.992,0.992,2,0,H
1711.0,1666.0,444.1,457.5,0.924,0.778,1,2,H
1504.0,1602.0,184.6,366.6,0.076,0.223,2,2,A
1635.0,1554.0,273.8,306.9,0.657,0.623,0,2,H
1559.0,1557.0,190.0,269.9,0.457,0.295,1,0,H
1572.0,1633.0,392.8,263.1,0.689,0.03,3,3,H
1619.0,1658.0,320.9,169.7,0.597,0.18,3,2,H
1662.0,1509.0,195.7,110.9,0.889,0.103,1,2,H
1566.0,1604.0,291.0,180.2,0.067,0.196,0,1,H
1706.0,1397.0,270.6,246.2,0.35,0.796,2,0,H
1486.0,1621.0,208.7,81.6,0.985,0.293,6,4,H
1601.0,1676.0,310.7,206.5,0.182,0.757,0,1,A
1860.0,1572.0,281.1,230.2,0.127,0.949,1,2,D
1622.0,1782.0,267.3,232.8,0.729,0.574,2,0,A
1743.0,1512.0,246.6,197.1,0.777,0.485,1,2,D
1609.0,1622.0,284.5,222.7,0.672,0.75,2,1,D
1658.0,1596.0,268.4,387.9,0.776,0.097,1,2,A
1594.0,1590.0,254.7,303.0,0.694,0.428,1,2,D
1583.0,1589.0,198.7,205.2,0.136,0.499,0,2,H
1522.0,1611.0,385.5,244.5,0.608,0.831,1,2,D
1643.0,1685.0,166.0,247.7,0.777,0.814,1,1,H
1515.0,1738.0,284.2,188.6,0.866,0.848,1,2,H
1667.0,1600.0,224.4,188.5,0.246,0.698,2,0,H
1709.0,1682.0,390.8,330.8,0.127,0.531,2,0,H
1637.0,1530.0,177.7,216.4,0.781,0.828,3,0,H
1571.0,1677.0,191.2,162.4,0.257,0.873,2,0,D
1645.0,1524.0,172.4,246.5,0.032,0.48,3,1,H
1569.0,1709.0,275.9,259.4,0.825,0.986,3,1,A
1694.0,1821.0,140.2,92.2,0.506,0.875,1,0,A
1417.0,1588.0,211.7,246.7,0.327,0.51,0,0,D
1566.0,1381.0,77.8,319.4,0.011,0.069,1,0,H
1401.0,1545.0,269.2,286.1,0.035,0.224,2,1,H
1450.0,1723.0,210.0,428.4,0.793,0.776,2,2,A
1736.0,1655.0,131.0,350.1,0.49,0.111,1,0,H
1690.0,1625.0,336.8,365.9,0.15,0.47,2,2,A
1528.0,1701.0,145.4,474.0,0.359,0.605,1,5,A
1450.0,1648.0,313.8,310.7,0.165,0.878,1,2,A
1304.0,1722.0,193.9,263.0,0.113,0.847,3,1,H
1546.0,1692.0,378.1,327.9,0.276,0.764,2,3,D
1842.0,1752.0,310.0,205.3,0.55,0.408,1,1,H
1643.0,1636.0,169.4,258.6,0.21,0.142,1,1,H
1544.0,1691.0,176.6,198.2,0.344,0.67,0,1,A
1647.0,1569.0,298.4,281.8,0.478,0.181,1,0,H
1444.0,1540.0,229.0,197.8,0.42,0.561,1,0,H
1570.0,1771.0,236.5,195.0,0.129,0.981,0,1,A
1610.0,1622.0,351.8,283.1,0.039,0.55,2,2,H
1591.0,1680.0,190.1,239.0,0.035,0.646,3,6,A
1679.0,1612.0,257.3,95.8,0.35,0.678,0,0,H
1634.0,1541.0,326.4,133.6,0.719,0.83,1,1,H
1667.0,1601.0,314.7,158.2,0.131,0.435,2,1,H
1531.0,1744.0,237.2,179.4,0.787,0.498,0,2,H
1690.0,1656.0,226.9,283.2,0.716,0.176,2,0,D
1763.0,1429.0,110.9,267.5,0.004,0.615,3,3,H
1503.0,1578.0,165.5,335.2,0.027,0.296,1,3,D
1511.0,1778.0,275.5,310.2,0.195,0.508,1,1,A
1734.0,1579.0,239.0,335.8,0.056,0.767,2,1,H
1581.0,1420.0,256.0,298.7,0.531,0.018,1,2,H
1740.0,1789.0,333.1,266.8,0.04,0.564,0,1,A
1556.0,1668.0,155.0,337.9,0.803,0.173,1,4,H
1746.0,1593.0,231.1,323.6,0.493,0.279,2,1,D
1613.0,1563.0,265.1,280.1,0.728,0.035,1,1,H
1626.0,1708.0,193.7,351.7,0.751,0.169,2,1,H
1756.0,1546.0,364.5,62.3,0.507,0.987,2,4,H
1564.0,1715.0,322.7,226.8,0.925,0.999,2,2,H
1506.0,1654.0,273.2,225.5,0.99,0.72,2,0,D
1555.0,1624.0,393.5,342.2,0.359,0.612,1,2,D
1645.0,1615.0,130.1,375.7,0.126,0.777,1,1,A
1443.0,1583.0,249.4,134.0,0.363,0.897,3,2,D
1664.0,1705.0,279.3,362.9,0.223,0.519,1,1,A
1546.0,1513.0,176.8,156.3,0.531,0.035,2,2,H
1715.0,1438.0,274.1,158.7,0.378,0.709,3,3,D
1361.0,1661.0,161.5,231.3,0.48,0.985,1,0,D
1521.0,1663.0,305.2,224.5,0.763,0.258,1,1,A
1431.0,1648.0,334.6,125.3,0.274,0.463,3,0,H
1517.0,1641.0,271.8,302.0,0.537,0.361,1,3,H
1625.0,1568.0,101.8,304.4,0.335,0.39,1,0,H
1582.0,1679.0,172.7,334.3,0.785,0.721,2,3,A
1575.0,1595.0,295.2,215.3,0.64,0.378,4,0,D
1584.0,1551.0,251.7,246.8,0.009,0.941,0,0,A
1620.0,1569.0,34.5,247.6,0.66,0.79,2,0,H
1499.0,1802.0,349.4,385.0,0.17,0.028,2,4,A
1671.0,1427.0,260.9,23.3,0.724,0.819,2,2,H
1666.0,1650.0,184.5,173.4,0.567,0.773,0,3,D
1639.0,1432.0,329.6,250.4,0.401,0.516,4,3,H
1656.0,1589.0,195.8,163.2,0.694,0.497,3,0,D
1630.0,1557.0,194.9,229.3,0.857,0.836,1,1,D
1804.0,1391.0,278.7,239.9,0.779,0.425,3,0,H
1591.0,1639.0,392.5,197.4,0.545,0.159,3,1,H
1569.0,1562.0,379.9,255.2,0.723,0.313,2,2,H
1525.0,1390.0,278.8,300.3,0.414,0.265,2,2,H
1497.0,1684.0,287.0,231.1,0.789,0.681,2,0,H
1476.0,1744.0,313.3,213.7,0.829,0.179,1,1,H
1511.0,1749.0,149.4,236.7,0.137,0.645,1,2,D
1593.0,1636.0,301.5,249.4,0.238,0.466,0,0,D
1633.0,1605.0,191.3,110.8,0.27,0.84,1,2,D
1605.0,1733.0,275.5,286.9,0.166,0.485,2,1,A
1523.0,1768.0,231.8,213.9,0.393,0.93,3,1,A
1690.0,1713.0,290.1,350.9,0.193,0.9,1,1,A
1674.0,1506.0,259.4,297.3,0.596,0.185,0,1,H
1584.0,1620.0,20.0,343.6,0.102,0.686,1,0,A
1535.0,1644.0,264.3,169.1,0.27,0.215,3,4,A
1655.0,1419.0,301.4,220.3,0.666,0.823,1,0,H
1619.0,1647.0,285.7,150.6,0.399,0.636,2,2,H
1455.0,1827.0,241.8,193.6,0.421,0.294,2,0,A
1593.0,1664.0,381.4,350.2,0.798,0.249,2,1,D
1626.0,1747.0,274.9,369.0,0.985,0.43,1,1,A
1510.0,1618.0,285.0,158.1,0.565,0.801,0,1,A
1619.0,1593.0,333.6,213.3,0.079,0.796,2,0,H
1455.0,1638.0,279.0,243.9,0.103,0.033,0,1,A
1734.0,1518.0,178.2,296.8,0.969,0.302,2,1,H
1725.0,1504.0,54.9,109.2,0.679,0.423,1,4,H
1575.0,1727.0,211.8,121.8,0.752,0.586,2,3,H
1636.0,1737.0,310.9,289.2,0.676,0.15,2,2,H
1359.0,1501.0,221.8,94.1,0.18,0.335,0,0,A
1484.0,1697.0,314.1,214.3,0.448,0.886,1,0,A
1571.0,1591.0,261.9,263.0,0.798,0.477,0,0,A
1493.0,1634.0,353.0,283.3,0.866,0.744,3,1,H
1671.0,1646.0,226.4,238.7,0.237,0.485,3,2,D
1800.0,1699.0,287.4,220.7,0.596,0.465,2,5,H
1482.0,1608.0,290.5,317.6,0.157,0.622,5,3,A
1516.0,1741.0,370.1,272.8,0.958,0.259,0,2,D
1624.0,1631.0,113.5,198.2,0.252,0.25,3,3,A
1761.0,1662.0,213.3,253.0,0.727,0.989,1,2,H
1478.0,1517.0,317.9,280.7,0.231,0.869,0,3,H
1625.0,1816.0,373.7,387.5,0.616,0.738,0,2,H
1782.0,1647.0,269.2,312.9,0.659,0.137,0,1,D
1435.0,1671.0,226.6,347.2,0.328,0.03,2,1,D
1472.0,1439.0,310.6,201.2,0.819,0.175,1,2,D
1558.0,1518.0,319.5,208.1,0.885,0.938,1,1,H
1548.0,1724.0,221.2,231.2,0.855,0.816,0,1,A
1681.0,1629.0,276.4,238.5,0.331,0.523,1,3,H
1624.0,1409.0,344.4,169.4,0.744,0.969,1,1,H
1423.0,1704.0,401.2,351.3,0.559,0.147,1,3,A
1652.0,1546.0,309.4,320.7,0.593,0.559,1,2,H
1542.0,1741.0,253.5,225.5,0.477,0.183,0,2,D
1727.0,1591.0,245.7,301.3,0.6,0.306,2,3,H
1537.0,1620.0,294.6,267.8,0.136,0.94,1,0,D
1536.0,1718.0,240.7,307.6,0.409,0.868,1,1,A
1654.0,1510.0,265.2,142.5,0.178,0.102,2,0,H
1676.0,1501.0,165.4,238.3,0.28,0.25,0,1,H
1645.0,1580.0,353.8,245.4,0.128,0.595,3,2,H
1431.0,1683.0,158.8,299.9,0.212,0.061,0,1,D
1654.0,1467.0,215.4,199.7,0.782,0.55,1,0,H
1497.0,1433.0,257.8,50.0,0.55,0.584,1,1,H
1624.0,1682.0,409.3,163.5,0.024,0.291,1,1,H
1458.0,1540.0,216.2,245.1,0.789,0.293,4,1,H
1645.0,1561.0,196.7,255.1,0.909,0.229,1,2,D
1519.0,1414.0,205.9,384.7,0.88,0.936,3,0,D
1472.0,1532.0,382.7,296.6,0.823,0.389,4,2,H
1671.0,1599.0,25.0,256.5,0.992,0.585,3,2,D
1624.0,1693.0,169.8,247.4,0.586,0.302,4,4,H
1539.0,1523.0,468.5,338.3,0.963,0.703,1,2,H
1745.0,1766.0,297.3,202.8,0.949,0.101,2,2,D
1556.0,1532.0,161.5,238.8,0.313,0.072,1,1,H
1603.0,1532.0,246.6,162.9,0.863,0.744,3,0,H
1627.0,1754.0,255.4,363.5,0.792,0.727,0,0,A
1538.0,1621.0,317.7,281.4,0.776,0.265,1,1,A
1647.0,1545.0,397.2,193.4,0.896,0.355,1,3,H
1547.0,1584.0,281.1,240.8,0.384,0.957,2,0,A
1559.0,1735.0,206.8,290.8,0.4,0.104,2,2,A
1736.0,1747.0,313.0,229.9,0.64,0.183,2,2,H
1496.0,1518.0,194.1,207.2,0.738,0.43,3,1,H
1359.0,1596.0,167.3,197.7,0.88,0.282,2,0,A
1761.0,1609.0,109.2,277.1,0.876,0.649,3,0,H
1855.0,1501.0,124.8,221.4,0.721,0.691,0,3,H
1559.0,1594.0,178.3,213.7,0.957,0.526,3,3,H
1406.0,1601.0,155.8,143.1,0.179,0.611,0,2,D
1569.0,1714.0,275.1,256.2,0.95,0.433,3,1,H
1571.0,1721.0,154.0,235.5,0.064,0.76,1,2,H
1581.0,1567.0,20.0,224.3,0.556,0.042,1,1,D
1489.0,1579.0,166.5,265.9,0.09,0.313,1,2,A
1658.0,1666.0,212.3,309.8,0.568,0.684,1,0,H
1652.0,1541.0,201.6,306.1,0.39,0.33,1,3,H
1451.0,1659.0,371.6,294.2,0.082,0.079,2,1,A
1670.0,1591.0,200.9,230.7,0.648,0.345,0,2,H
1805.0,1503.0,320.5,204.6,0.731,0.711,1,0,H
1617.0,1504.0,248.5,166.5,0.174,0.122,1,1,H
1566.0,1745.0,246.6,202.5,0.694,0.725,3,0,D
1586.0,1584.0,183.2,251.6,0.179,0.775,3,0,H
1662.0,1764.0,245.3,187.1,0.137,0.635,4,1,H
1427.0,1549.0,188.8,257.7,0.147,0.244,0,3,A
1616.0,1629.0,263.6,172.8,0.599,0.805,2,1,H
1561.0,1839.0,231.1,117.1,0.779,0.214,1,1,H
1785.0,1494.0,174.4,315.6,0.597,0.906,1,0,H
1583.0,1410.0,329.4,212.0,0.809,0.707,4,0,H
1767.0,1729.0,284.1,183.0,0.591,0.055,1,1,H
1490.0,1517.0,214.2,162.5,0.797,0.799,1,0,D
1659.0,1598.0,261.6,283.8,0.977,0.506,3,1,H
1632.0,1541.0,243.3,360.0,0.391,0.453,0,2,H
1513.0,1627.0,180.6,217.8,0.15,0.421,1,0,A
1618.0,1505.0,255.6,232.8,0.135,0.607,2,0,D
1721.0,1582.0,200.3,335.7,0.597,0.725,1,2,H
1568.0,1645.0,174.4,105.2,0.547,0.896,1,1,D
1431.0,1499.0,120.2,407.3,0.184,0.273,2,0,D
1598.0,1530.0,221.3,445.5,0.882,0.631,2,2,A
1510.0,1565.0,295.4,33.5,0.957,0.686,2,3,H
1566.0,1457.0,194.4,242.2,0.253,0.675,0,2,H
1592.0,1558.0,451.7,192.5,0.207,0.493,0,0,D
1429.0,1612.0,320.9,228.8,0.214,0.391,2,3,A
1438.0,1560.0,354.3,216.5,0.387,0.762,2,3,H
1648.0,1573.0,313.6,314.9,0.853,0.3,3,1,H
1548.0,1598.0,398.2,241.0,0.596,0.208,0,3,D
1344.0,1534.0,187.0,177.1,0.068,0.546,2,2,D
1678.0,1669.0,45.1,236.2,0.473,0.268,1,0,D
1627.0,1744.0,214.3,291.2,0.09,0.033,1,0,A
1529.0,1554.0,294.7,155.3,0.406,0.052,4,3,H
1468.0,1649.0,262.1,118.3,0.404,0.695,0,2,A
1684.0,1576.0,272.0,409.4,0.648,0.973,4,0,H
1635.0,1637.0,355.7,198.6,0.549,0.455,2,0,H
1838.0,1757.0,280.6,239.0,0.875,0.147,2,5,D
1642.0,1651.0,313.9,218.2,0.016,0.818,3,1,H
1639.0,1423.0,174.8,293.8,0.774,0.261,2,0,H
1583.0,1645.0,162.4,391.8,0.023,0.996,1,3,A
1682.0,1723.0,379.1,296.4,0.304,0.563,1,2,D
1663.0,1578.0,258.1,128.5,0.88,0.233,1,2,H
1725.0,1700.0,200.1,139.3,0.69,0.496,2,1,H
1548.0,1531.0,200.3,218.1,0.172,0.335,1,1,H
1556.0,1451.0,198.1,228.5,0.491,0.779,3,2,H
1552.0,1614.0,193.3,112.2,0.722,0.106,3,2,H
1679.0,1424.0,147.3,315.5,0.937,0.857,2,1,H
1750.0,1576.0,130.0,163.1,0.634,0.767,3,2,H
1554.0,1729.0,234.4,369.5,0.025,0.861,3,3,A
1558.0,1409.0,202.6,395.7,0.5,0.895,3,3,A
1631.0,1472.0,338.6,230.1,0.153,0.23,1,3,D
1575.0,1497.0,273.4,285.1,0.048,0.521,0,0,A
1695.0,1594.0,271.2,151.4,0.599,0.85,2,2,H
1375.0,1563.0,190.6,299.9,0.777,0.377,7,1,D
1517.0,1740.0,240.3,210.1,0.036,0.06,1,0,A
1522.0,1695.0,278.9,163.0,0.784,0.292,1,1,H
1368.0,1650.0,307.3,226.9,0.706,0.242,1,2,A
1504.0,1615.0,242.5,212.7,0.752,0.87,4,1,D
1508.0,1639.0,336.3,224.0,0.245,0.464,1,2,A
1580.0,1514.0,250.6,326.0,0.394,0.684,2,0,H
1711.0,1686.0,313.4,187.2,0.12,0.962,0,1,H
1575.0,1489.0,210.8,388.8,0.239,0.299,1,1,A
1497.0,1684.0,105.0,144.0,0.303,0.761,2,1,D
1594.0,1719.0,271.5,379.2,0.319,0.023,3,1,H
1705.0,1621.0,308.0,168.7,0.175,0.104,4,2,H
1502.0,1582.0,296.0,249.9,0.189,0.162,2,0,D
1509.0,1640.0,283.8,210.8,0.901,0.312,1,0,H
1656.0,1314.0,222.1,222.5,0.784,0.403,2,3,H
1578.0,1630.0,185.5,314.1,0.344,0.477,1,0,A
1665.0,1589.0,294.1,370.0,0.948,0.245,1,1,D
1599.0,1595.0,284.1,345.2,0.239,0.066,2,1,H
1670.0,1671.0,205.1,217.6,0.407,0.678,1,0,A
1496.0,1593.0,338.8,264.7,0.814,0.024,0,1,H
1599.0,1486.0,179.4,187.4,0.443,0.809,6,1,H
1579.0,1586.0,203.3,170.7,0.235,0.929,4,1,D
1478.0,1607.0,380.9,158.3,0.369,0.71,1,1,A
1444.0,1611.0,319.5,215.0,0.501,0.596,2,0,A
1669.0,1616.0,221.4,270.0,0.621,0.657,2,1,H
1565.0,1704.0,273.0,97.1,0.406,0.652,1,1,H
1498.0,1491.0,262.4,246.3,0.431,0.932,3,2,A
1590.0,1618.0,30.4,371.3,0.264,0.964,1,2,H
1713.0,1729.0,177.5,339.8,0.535,0.427,2,3,A
1372.0,1427.0,245.9,203.2,0.219,0.617,3,3,D
1450.0,1618.0,221.5,138.3,0.868,0.803,5,5,H
1508.0,1541.0,269.8,286.8,0.747,0.001,3,0,H
1746.0,1563.0,340.4,64.6,0.41,0.527,3,2,H
1628.0,1510.0,224.3,338.8,0.747,0.653,1,5,A
1677.0,1583.0,165.4,232.9,0.007,0.717,1,2,H
1486.0,1784.0,276.0,396.5,0.344,0.369,0,1,H
1488.0,1474.0,223.9,111.8,0.44,0.296,0,3,H
1645.0,1483.0,237.5,323.5,0.47,0.182,0,3,H
1606.0,1470.0,226.7,242.0,0.749,0.558,1,1,H
1655.0,1773.0,429.3,223.5,0.963,0.919,1,1,H
1581.0,1554.0,70.7,140.4,0.38,0.896,5,1,H
1628.0,1597.0,218.9,297.7,0.351,0.36,2,1,A
1616.0,1560.0,249.7,304.1,0.611,0.258,1,2,H
1678.0,1506.0,187.5,392.8,0.281,0.789,1,4,H
1681.0,1576.0,322.0,330.6,0.141,0.725,2,3,A
1438.0,1846.0,315.1,202.5,0.962,0.505,0,3,A
1375.0,1739.0,246.2,169.7,0.81,0.389,1,0,D
1700.0,1515.0,228.3,140.5,0.958,0.124,2,2,D
1719.0,1665.0,241.0,367.9,0.218,0.785,0,2,A
1498.0,1517.0,241.6,187.7,0.018,0.617,1,1,H
1414.0,1422.0,243.7,368.4,0.437,0.377,3,1,H
1610.0,1702.0,235.0,292.0,0.934,0.919,0,2,A
1693.0,1716.0,270.2,276.4,0.138,0.66,2,1,H
1780.0,1705.0,310.3,225.5,0.117,0.929,2,3,A
1652.0,1553.0,151.6,302.9,0.069,0.474,3,3,H
1563.0,1583.0,165.9,248.8,0.765,0.455,2,0,H
1511.0,1675.0,110.1,220.5,0.786,0.937,3,0,A
1601.0,1639.0,319.3,305.7,0.695,0.96,1,1,A
1570.0,1561.0,270.0,238.5,0.053,0.961,1,1,H
1498.0,1438.0,290.4,186.1,0.723,0.819,1,0,H
1805.0,1611.0,135.6,298.0,0.449,0.462,1,2,D
1779.0,1708.0,392.8,244.9,0.158,0.21,1,5,H
1714.0,1480.0,201.3,289.1,0.295,0.383,2,1,H
1508.0,1664.0,263.5,213.7,0.501,0.938,2,2,H
1686.0,1633.0,318.4,153.3,0.33,0.364,4,4,D
1664.0,1675.0,171.0,388.8,0.97,0.757,2,0,H
1644.0,1687.0,206.3,373.7,0.475,0.923,2,2,D
1725.0,1531.0,264.3,320.7,0.372,0.97,2,1,H
1664.0,1438.0,478.6,219.0,0.673,0.948,4,1,H
1674.0,1547.0,274.1,226.0,0.651,0.555,3,0,H
1664.0,1689.0,378.5,360.6,0.002,0.492,2,0,H
1634.0,1546.0,346.5,221.7,0.618,0.988,3,1,H
1422.0,1531.0,279.4,199.4,0.244,0.218,4,1,H
1608.0,1418.0,170.9,399.8,0.375,0.188,1,2,H
1544.0,1775.0,334.8,246.2,0.706,0.963,2,1,A
1472.0,1683.0,130.2,391.5,0.557,0.689,3,3,A
1768.0,1677.0,378.1,138.1,0.369,0.536,2,0,H
1773.0,1697.0,266.0,291.5,0.167,0.132,3,0,H
1736.0,1658.0,38.0,415.7,0.505,0.513,0,0,A
1626.0,1576.0,222.8,252.4,0.319,0.944,3,1,D
1735.0,1584.0,302.3,228.9,0.913,0.603,1,0,H
1601.0,1557.0,231.0,156.6,0.534,0.405,1,0,H
1620.0,1863.0,307.2,336.6,0.866,0.551,2,0,H
1491.0,1656.0,182.0,188.4,0.39,0.886,5,1,A
1640.0,1554.0,145.5,242.4,0.827,0.913,2,2,H
1606.0,1647.0,244.3,151.2,0.057,0.4,5,1,H
1470.0,1499.0,252.5,374.6,0.298,0.608,2,0,D
1595.0,1750.0,222.1,342.4,0.078,0.279,1,3,H
1592.0,1534.0,348.2,247.5,0.032,0.451,1,0,H
1780.0,1650.0,182.0,157.7,0.919,0.22,1,0,H
1689.0,1707.0,275.1,372.9,0.717,0.531,2,2,D
1601.0,1638.0,255.4,220.7,0.625,0.578,1,0,D
1625.0,1609.0,125.5,161.6,0.532,0.338,1,1,H
1604.0,1601.0,144.5,109.0,0.57,0.272,4,1,H
1580.0,1594.0,251.0,198.3,0.639,0.151,2,6,H
1492.0,1542.0,408.5,133.6,0.827,0.14,1,0,D
1585.0,1555.0,296.3,200.2,0.597,0.711,1,0,H
1525.0,1748.0,111.9,309.6,0.749,0.222,0,2,A
1475.0,1589.0,20.0,220.0,0.281,0.118,3,3,H
1651.0,1521.0,308.6,278.5,0.977,0.999,0,0,H
1639.0,1548.0,242.3,192.1,0.032,0.26,0,1,H
1421.0,1710.0,341.3,255.2,0.387,0.896,0,1,A
1588.0,1668.0,179.5,403.7,0.882,0.609,1,1,A
1700.0,1656.0,278.0,222.1,0.181,0.715,1,1,A
1706.0,1574.0,317.7,280.8,0.141,0.561,2,1,H
1703.0,1657.0,214.2,124.8,0.365,0.181,2,1,H
1604.0,1536.0,215.9,371.6,0.428,0.847,1,0,A
1515.0,1574.0,252.0,211.8,0.933,0.828,2,4,H
1492.0,1697.0,293.4,334.0,0.836,0.35,1,1,A
1634.0,1687.0,248.9,240.1,0.464,0.764,3,5,A
1638.0,1502.0,327.9,298.9,0.973,0.543,0,2,H
1729.0,1514.0,213.0,303.7,0.642,0.909,4,2,H
1710.0,1611.0,143.7,213.8,0.874,0.803,5,2,H
1587.0,1773.0,408.2,337.4,0.246,0.041,2,0,D
1476.0,1408.0,201.6,189.3,0.489,0.879,2,1,H
1568.0,1628.0,204.5,312.2,0.03,0.969,0,1,D
1622.0,1462.0,244.7,218.8,0.009,0.742,3,0,H
1580.0,1537.0,255.4,278.0,0.705,0.12,1,0,D
1542.0,1564.0,219.1,213.0,0.118,0.807,1,4,A
1625.0,1558.0,248.6,254.0,0.548,0.647,3,0,D
1550.0,1547.0,246.8,164.0,0.696,0.339,2,0,D
1537.0,1601.0,264.0,269.8,0.032,0.884,1,1,H
1631.0,1546.0,61.4,253.5,0.449,0.566,4,5,H
1560.0,1454.0,400.5,206.8,0.684,0.853,2,2,H
1624.0,1678.0,238.2,245.6,0.89,0.67,2,2,H
1627.0,1675.0,296.4,260.7,0.299,0.289,0,1,A
1486.0,1684.0,139.8,200.7,0.974,0.975,0,3,D
1552.0,1446.0,212.3,239.7,0.845,0.571,3,3,D
1744.0,1630.0,196.2,169.6,0.651,0.517,3,1,H
1484.0,1668.0,367.6,437.7,0.392,0.404,3,0,A
1388.0,1497.0,203.1,334.7,0.711,0.136,2,1,A
1414.0,1601.0,310.6,271.8,0.816,0.686,0,2,A
1603.0,1588.0,198.0,343.8,0.303,0.431,1,0,A
1603.0,1784.0,213.8,91.7,0.993,0.935,1,2,A
1588.0,1792.0,230.4,45.4,0.909,0.965,0,3,A
1721.0,1434.0,352.7,218.1,0.486,0.768,0,2,D
1333.0,1849.0,98.8,139.7,0.723,0.242,0,3,A
1640.0,1508.0,144.7,231.1,0.524,0.716,0,1,H
1756.0,1698.0,94.2,266.5,0.761,0.02,2,1,D
1487.0,1697.0,163.0,323.6,0.827,0.826,2,1,A
1562.0,1500.0,185.1,158.9,0.023,0.494,1,3,D
1525.0,1649.0,120.8,282.0,0.079,0.937,1,3,A
1511.0,1589.0,191.3,251.2,0.336,0.378,0,2,H
1567.0,1655.0,88.8,277.8,0.918,0.263,3,3,D
1743.0,1623.0,168.6,208.4,0.398,0.995,2,0,A
1784.0,1720.0,346.0,360.7,0.888,0.531,2,4,H
1566.0,1608.0,282.3,241.7,0.462,0.863,1,0,H
1791.0,1583.0,265.0,391.9,0.289,0.911,1,0,H
1604.0,1710.0,169.8,186.8,0.901,0.518,0,0,D
1775.0,1658.0,127.1,309.4,0.561,0.456,2,1,H
1591.0,1673.0,158.9,245.2,0.36,0.553,6,0,D
1613.0,1534.0,246.5,223.8,0.044,0.848,1,1,H
1637.0,1495.0,319.5,300.6,0.111,0.965,0,1,H
1918.0,1543.0,322.2,226.1,0.139,0.328,1,2,H
1685.0,1538.0,300.4,37.0,0.365,0.739,3,1,H
1529.0,1679.0,191.0,20.0,0.607,0.285,2,2,D
1697.0,1698.0,252.0,351.8,0.308,0.611,0,2,A
1564.0,1584.0,224.3,348.4,0.066,0.805,2,0,A
1551.0,1743.0,233.9,401.0,0.265,0.886,1,2,A
1691.0,1737.0,413.0,248.6,0.409,0.449,2,0,H
1603.0,1624.0,109.0,146.6,0.992,0.37,2,1,D
1628.0,1518.0,231.2,216.4,0.393,0.253,1,2,H
1601.0,1758.0,346.9,250.9,0.089,0.133,0,2,A
1634.0,1594.0,132.7,169.4,0.581,0.365,1,0,H
1642.0,1613.0,198.5,381.9,0.92,0.872,2,0,H
1406.0,1566.0,207.7,429.2,0.787,0.419,3,3,D
1667.0,1511.0,232.1,288.3,0.836,0.317,2,2,H
1502.0,1453.0,122.3,249.1,0.928,0.739,0,3,H
1456.0,1663.0,297.6,146.4,0.637,0.216,0,2,D
1594.0,1522.0,303.3,373.7,0.995,0.256,1,3,D
1608.0,1906.0,290.7,256.1,0.033,0.936,3,2,H
1531.0,1491.0,180.4,226.9,0.835,0.082,1,0,H
1683.0,1474.0,256.9,288.5,0.857,0.415,3,1,H
1466.0,1651.0,178.0,203.1,0.917,0.577,1,2,H
1559.0,1753.0,223.4,261.8,0.478,0.23,0,4,D
1542.0,1606.0,422.3,134.6,0.788,0.281,2,1,H
1595.0,1657.0,257.7,337.0,0.195,0.222,3,1,D
1628.0,1416.0,155.0,241.6,0.603,0.345,1,1,H
1499.0,1532.0,264.4,342.7,0.359,0.899,2,1,H
1672.0,1493.0,141.9,233.9,0.596,0.432,1,1,H
1606.0,1410.0,154.1,239.1,0.676,0.418,0,0,D
1411.0,1612.0,166.7,153.0,0.347,0.387,0,2,A
1404.0,1376.0,214.5,310.8,0.216,0.964,2,1,H
1599.0,1468.0,325.0,179.9,0.322,0.117,5,3,H
1578.0,1546.0,296.3,211.1,0.664,0.872,2,3,A
1590.0,1517.0,291.8,250.1,0.677,0.327,1,5,H
1597.0,1640.0,162.1,259.7,0.741,0.957,2,1,H
1623.0,1631.0,206.7,113.5,0.127,0.315,2,1,H
1695.0,1689.0,271.8,231.5,0.819,0.083,2,3,H
1489.0,1675.0,199.7,313.6,0.688,0.52,0,3,A
1483.0,1714.0,227.7,219.7,0.031,0.228,2,0,A
1491.0,1600.0,285.3,232.0,0.336,0.753,0,1,A
1629.0,1630.0,222.1,263.0,0.467,0.657,0,1,H
1724.0,1651.0,268.1,239.9,0.361,0.686,0,0,D
1557.0,1614.0,377.4,167.6,0.117,0.193,2,0,H
1350.0,1560.0,236.3,247.1,0.207,0.709,1,0,D
1430.0,1567.0,344.3,329.5,0.025,0.311,4,2,H
1517.0,1518.0,294.7,165.9,0.093,0.999,2,0,A
1544.0,1642.0,132.6,220.0,0.266,0.732,2,1,A
1559.0,1591.0,161.8,139.5,0.82,0.59,4,1,H
1604.0,1534.0,183.3,325.3,0.527,0.867,2,2,A
1569.0,1534.0,181.6,242.6,0.424,0.589,2,7,H
1705.0,1479.0,242.8,182.0,0.662,0.553,4,2,H
1532.0,1698.0,299.2,257.4,0.542,0.237,1,1,A
1514.0,1608.0,350.4,153.7,0.132,0.678,6,1,D
1648.0,1514.0,274.7,167.3,0.223,0.375,2,1,H
1446.0,1681.0,214.3,133.2,0.223,0.043,0,1,H
1639.0,1544.0,83.4,164.7,0.6,0.816,1,0,A
1610.0,1459.0,255.6,358.6,0.462,0.052,1,1,H
1585.0,1702.0,252.1,191.4,0.388,0.672,5,0,H
1759.0,1546.0,264.6,287.3,0.557,0.157,0,2,H
1538.0,1559.0,418.5,183.1,0.97,0.433,1,2,H
1806.0,1604.0,349.2,310.8,0.314,0.859,1,1,H
1577.0,1714.0,312.8,167.9,0.52,0.094,2,1,H
1472.0,1602.0,173.0,253.1,0.48,0.667,7,3,H
1607.0,1480.0,209.0,254.2,0.717,0.613,2,3,H
1492.0,1654.0,242.4,436.2,0.73,0.868,0,0,A
1525.0,1552.0,188.0,300.4,0.729,0.173,0,0,H
1640.0,1789.0,290.0,202.6,0.202,0.8,1,2,D
1656.0,1600.0,278.6,304.8,0.449,0.45,3,1,H
1538.0,1376.0,162.9,421.1,0.811,0.429,0,2,A
1699.0,1636.0,345.7,119.6,0.382,0.362,1,4,D
1716.0,1794.0,258.2,182.6,0.984,0.386,1,0,H
1744.0,1758.0,111.7,231.0,0.365,0.52,5,0,D
1653.0,1783.0,245.9,216.6,0.498,0.107,0,2,A
1736.0,1498.0,272.5,223.4,0.475,0.425,3,4,H
1412.0,1691.0,327.8,145.7,0.434,0.652,1,4,A
1568.0,1528.0,223.0,362.3,0.846,0.498,1,1,H
1513.0,1622.0,316.2,136.2,0.155,0.166,1,1,H
1612.0,1473.0,265.0,234.0,0.568,0.363,0,0,H
1543.0,1536.0,144.8,333.7,0.619,0.443,2,0,H
1583.0,1532.0,136.8,247.6,0.851,0.669,3,2,D
1788.0,1690.0,339.8,171.6,0.609,0.901,2,1,H
1583.0,1680.0,345.7,142.1,0.96,0.55,5,1,H
1641.0,1628.0,275.8,231.6,0.872,0.676,1,3,H
1577.0,1465.0,369.7,189.4,0.349,0.077,1,1,D
1608.0,1569.0,334.5,266.4,0.86,0.954,6,1,D
1601.0,1525.0,304.7,137.9,0.958,0.315,1,2,H
1645.0,1687.0,177.1,315.0,0.257,0.354,2,1,H
1717.0,1718.0,388.5,259.2,0.61,0.223,1,2,H
1765.0,1706.0,292.9,265.2,0.282,0.085,2,1,H
1631.0,1524.0,219.1,365.3,0.65,0.79,2,0,A
1659.0,1326.0,196.5,215.0,0.094,0.24,0,2,H
1485.0,1423.0,270.5,191.9,0.734,0.283,5,1,D
1591.0,1742.0,116.3,206.2,0.42,0.182,3,2,H
1694.0,1560.0,306.0,234.6,0.587,0.975,1,1,D
1687.0,1525.0,173.7,242.7,0.026,0.781,2,2,A
1621.0,1764.0,279.6,183.5,0.695,0.93,3,1,D
1689.0,1727.0,208.3,88.2,0.496,0.862,4,1,D
1649.0,1602.0,228.8,205.1,0.625,0.906,0,0,H
1720.0,1571.0,189.4,278.8,0.316,0.479,3,3,H
1629.0,1587.0,237.1,260.9,0.146,0.171,2,2,H
1564.0,1623.0,401.2,346.0,0.435,0.327,2,1,H
1634.0,1760.0,360.8,406.4,0.944,0.292,0,0,H
1307.0,1642.0,278.4,310.7,0.228,0.717,2,1,A
1638.0,1673.0,248.0,360.6,0.676,0.026,1,2,H
1235.0,1717.0,317.5,311.3,0.05,0.142,2,1,D
1428.0,1483.0,340.4,386.8,0.718,0.683,0,2,H
1645.0,1675.0,183.6,398.1,0.238,0.123,1,2,A
1648.0,1571.0,243.8,326.1,0.452,0.048,1,1,A
1484.0,1348.0,104.2,306.5,0.368,0.109,1,0,H
1529.0,1387.0,339.8,233.6,0.113,0.691,0,1,D
1737.0,1498.0,415.2,246.7,0.346,0.139,3,3,D
1552.0,1653.0,256.4,223.0,0.35,0.146,2,2,A
1824.0,1611.0,80.0,299.7,0.522,0.23,5,0,H
1600.0,1618.0,298.7,192.4,0.972,0.751,2,2,H
1641.0,1795.0,177.7,234.7,0.47,0.2,3,0,A
1762.0,1473.0,196.9,61.6,0.914,0.035,1,2,H
1613.0,1597.0,300.1,387.8,0.462,0.906,2,2,A
1500.0,1630.0,270.4,232.4,0.108,0.876,4,3,D
1589.0,1526.0,211.0,286.4,0.23,0.185,1,1,H
1596.0,1603.0,198.0,366.6,0.408,0.265,0,1,A
1464.0,1440.0,260.1,274.0,0.325,0.189,0,0,D
1574.0,1741.0,217.2,365.5,0.866,0.72,1,0,A
1526.0,1532.0,161.3,150.7,0.679,0.25,2,2,A
1692.0,1803.0,223.4,441.8,0.578,0.931,2,1,A
1603.0,1597.0,277.2,337.0,0.491,0.828,1,0,D
1572.0,1703.0,235.8,266.7,0.397,0.588,2,1,A
1589.0,1595.0,136.9,364.0,0.612,0.009,2,2,H
1622.0,1597.0,329.1,156.5,0.125,0.884,2,0,H
1662.0,1542.0,30.9,226.9,0.163,0.728,2,1,D
1500.0,1612.0,214.3,365.5,0.303,0.788,3,2,A
1496.0,1632.0,200.4,100.6,0.171,0.072,0,2,A
1710.0,1522.0,261.9,294.8,0.677,0.709,2,2,D
1559.0,1587.0,294.9,292.6,0.025,0.805,2,1,H
1458.0,1539.0,340.1,407.5,0.16,0.957,3,0,A
1644.0,1830.0,193.0,123.4,0.903,0.58,3,0,D
1646.0,1591.0,296.9,378.8,0.998,0.508,3,2,D
1447.0,1755.0,265.7,205.2,0.488,0.425,1,0,A
1623.0,1580.0,113.1,214.2,0.495,0.701,3,1,D
1674.0,1626.0,402.0,152.2,0.773,0.921,1,0,H
1637.0,1468.0,134.9,163.0,0.036,0.6,1,0,H
1663.0,1555.0,283.6,282.3,0.427,0.227,2,2,H
1460.0,1621.0,281.2,161.0,0.1,0.018,1,1,H
1633.0,1759.0,272.1,309.2,0.401,0.619,0,1,H
1570.0,1622.0,210.4,197.0,0.984,0.865,1,3,D
1552.0,1738.0,316.2,153.0,0.754,0.066,1,2,D
1687.0,1664.0,125.2,207.8,0.985,0.398,2,1,H
1748.0,1763.0,244.7,276.9,0.746,0.94,1,1,A
1779.0,1594.0,204.9,227.8,0.608,0.502,1,1,H
1731.0,1839.0,195.8,252.7,0.754,0.221,1,2,H
1589.0,1551.0,284.3,305.7,0.659,0.354,2,1,D
1635.0,1523.0,336.2,336.6,0.464,0.408,1,1,D
1677.0,1479.0,222.5,225.2,0.293,0.117,3,1,H
1612.0,1833.0,312.5,166.5,0.52,0.661,5,1,A
1613.0,1682.0,254.0,256.1,0.258,0.592,2,2,A
1682.0,1567.0,178.6,287.7,0.487,0.648,2,1,A
1594.0,1725.0,229.4,133.1,0.146,0.611,1,1,A
1527.0,1669.0,226.0,178.8,0.565,0.017,0,3,H
1559.0,1797.0,194.3,192.5,0.245,0.174,3,0,H
1663.0,1445.0,284.3,233.4,0.294,0.166,1,1,H
1600.0,1573.0,268.8,189.1,0.499,0.098,3,2,H
1634.0,1554.0,122.7,306.6,0.163,0.735,0,2,H
1667.0,1403.0,117.9,121.6,0.962,0.12,3,2,H
1563.0,1706.0,284.0,123.6,0.447,0.668,1,4,A
1676.0,1573.0,184.8,223.3,0.352,0.178,2,1,H
1638.0,1674.0,274.2,235.9,0.029,0.118,3,4,A
1477.0,1836.0,312.5,133.6,0.843,0.163,2,4,A
1744.0,1565.0,148.3,201.5,0.626,0.508,2,3,H
1550.0,1558.0,137.1,217.9,0.416,0.645,3,0,H
1434.0,1612.0,384.0,218.5,0.246,0.812,1,3,A
1495.0,1699.0,278.1,262.2,0.745,0.129,0,0,A
1498.0,1543.0,216.5,197.1,0.945,0.616,1,4,H
1605.0,1537.0,175.3,368.2,0.381,0.774,1,1,A
1573.0,1706.0,209.2,289.1,0.135,0.312,0,2,H
1566.0,1638.0,154.8,185.4,0.109,0.08,1,2,A
1662.0,1396.0,320.7,257.6,0.006,0.156,1,0,D
1634.0,1477.0,187.9,259.9,0.744,0.092,3,3,H
1632.0,1750.0,337.5,347.2,0.981,0.887,3,1,A
1641.0,1640.0,217.9,202.0,0.993,0.377,1,1,H
1662.0,1524.0,166.5,311.4,0.784,0.523,1,1,D
1389.0,1583.0,215.9,253.3,0.162,0.769,1,0,A
1564.0,1601.0,40.1,369.3,0.978,0.371,0,1,H
1382.0,1674.0,240.3,353.3,0.328,0.649,0,1,A
1604.0,1464.0,236.4,265.8,0.334,0.077,1,3,D
1600.0,1516.0,316.0,229.0,0.687,0.481,1,3,H
1705.0,1627.0,99.1,290.5,0.049,0.097,4,0,A
1719.0,1590.0,342.9,235.6,0.826,0.248,3,1,H
1620.0,1657.0,315.6,384.4,0.997,0.293,1,2,H
1550.0,1477.0,350.2,256.3,0.775,0.718,1,3,H
1649.0,1636.0,245.8,217.5,0.782,0.674,0,2,H
1547.0,1709.0,331.1,213.2,0.39,0.747,5,1,H
1600.0,1649.0,132.3,153.0,0.066,0.062,2,1,H
1699.0,1614.0,307.0,294.5,0.793,0.994,3,1,D
1544.0,1590.0,188.3,184.4,0.597,0.054,0,1,H
1681.0,1517.0,117.9,337.9,0.909,0.826,0,1,D
1668.0,1593.0,160.1,146.6,0.116,0.74,2,3,H
1505.0,1726.0,250.4,260.2,0.305,0.592,0,2,H
1697.0,1588.0,184.1,342.0,0.361,0.439,1,4,A
1670.0,1511.0,280.1,77.8,0.683,0.757,2,0,H
1610.0,1551.0,105.3,411.5,0.788,0.74,2,3,D
1524.0,1620.0,79.8,216.0,0.961,0.137,2,1,A
1514.0,1563.0,359.8,261.3,0.295,0.793,0,2,H
1546.0,1649.0,322.3,295.7,0.494,0.079,1,1,H
1654.0,1652.0,166.1,308.1,0.029,0.501,2,2,A
1504.0,1689.0,249.8,271.9,0.253,0.645,2,3,H
1644.0,1742.0,331.6,329.8,0.374,0.822,1,4,A
1476.0,1700.0,283.5,291.5,0.594,0.463,3,0,D
1580.0,1507.0,261.9,390.9,0.471,0.237,1,0,H
1611.0,1510.0,337.6,291.8,0.364,0.491,0,2,H
1845.0,1592.0,191.5,407.2,0.624,0.25,1,2,H
1462.0,1555.0,252.5,322.1,0.829,0.529,1,2,A
1747.0,1486.0,248.6,105.5,0.242,0.463,1,1,D
1615.0,1556.0,228.2,458.9,0.343,0.781,1,4,A
1641.0,1553.0,218.8,204.1,0.705,0.24,3,2,H
1612.0,1533.0,255.8,369.6,0.778,0.2,2,1,A
1644.0,1568.0,252.8,252.1,0.825,0.474,2,0,D
1585.0,1718.0,166.1,334.9,0.209,0.051,3,2,H
1745.0,1620.0,314.1,194.9,0.539,0.229,2,2,H
1554.0,1847.0,171.9,300.1,0.9,0.354,2,2,D
1713.0,1617.0,232.5,229.7,0.392,0.488,1,1,H
1536.0,1571.0,226.4,376.3,0.43,0.269,0,1,D
1594.0,1600.0,278.6,285.1,0.985,0.561,4,4,H
1493.0,1626.0,80.5,324.9,0.113,0.878,4,0,A
1646.0,1644.0,321.3,76.9,0.706,0.544,1,2,H
1745.0,1808.0,195.8,243.2,0.85,0.287,2,0,H
1592.0,1515.0,347.6,282.8,0.151,0.062,2,2,D
1580.0,1686.0,211.7,267.9,0.714,0.137,6,2,H
1489.0,1621.0,246.1,326.9,0.47,0.561,3,2,H
1577.0,1443.0,403.1,220.7,0.853,0.684,0,1,H
1441.0,1677.0,227.8,253.9,0.907,0.05,3,0,D
1509.0,1727.0,349.1,344.5,0.872,0.186,0,1,D
1623.0,1514.0,253.1,67.7,0.064,0.319,2,4,H
1732.0,1599.0,283.2,297.1,0.757,0.32,0,0,D
1881.0,1427.0,255.6,223.3,0.922,0.958,2,2,H
1541.0,1474.0,317.8,177.0,0.621,0.204,0,0,D
1744.0,1705.0,195.2,276.9,0.601,0.063,2,1,D
1624.0,1553.0,171.3,348.2,0.045,0.353,1,0,A
1585.0,1489.0,198.9,333.1,0.856,0.134,2,2,H
1643.0,1623.0,258.0,239.2,0.046,0.127,2,2,H
1606.0,1548.0,232.3,320.1,0.314,0.407,1,1,H
1611.0,1553.0,306.8,319.4,0.926,0.306,4,2,H
1559.0,1674.0,354.4,243.0,0.95,0.092,2,1,H
1460.0,1484.0,171.9,194.6,0.992,0.604,2,1,H
1446.0,1509.0,191.3,199.2,0.476,0.502,2,1,H
1665.0,1615.0,135.1,317.0,0.177,0.077,1,0,D
1572.0,1697.0,412.4,246.6,0.488,0.863,0,1,H
1540.0,1724.0,274.4,166.3,0.102,0.285,1,2,A
1601.0,1533.0,288.4,115.2,0.873,0.961,2,1,H
1679.0,1694.0,142.8,316.5,0.561,0.932,1,5,A
1618.0,1522.0,249.9,206.3,0.405,0.434,3,0,H
1534.0,1783.0,290.7,276.4,0.08,0.229,3,0,D
1723.0,1487.0,229.8,349.2,0.405,0.835,4,2,D
1758.0,1733.0,336.1,145.3,0.866,0.361,3,2,D
1649.0,1534.0,434.9,246.4,0.703,0.164,2,0,H
1697.0,1801.0,174.2,236.3,0.082,0.552,0,2,A
1724.0,1659.0,168.2,280.4,0.16,0.489,4,0,H
1713.0,1498.0,179.8,349.1,0.392,0.85,1,1,A
1661.0,1548.0,378.5,143.6,0.101,0.729,1,1,D
1660.0,1678.0,333.4,295.6,0.934,0.876,3,0,D
1652.0,1705.0,239.2,332.5,0.652,0.735,2,3,A
1490.0,1593.0,252.9,235.1,0.095,0.642,1,3,A
1670.0,1604.0,184.7,239.0,0.788,0.5,2,1,H
1464.0,1676.0,321.2,283.5,0.368,0.988,1,3,A
1521.0,1613.0,219.6,277.6,0.245,0.959,1,0,D
1730.0,1471.0,229.2,296.6,0.57,0.849,1,0,H
1684.0,1519.0,298.7,294.9,0.013,0.775,1,1,H
1749.0,1624.0,235.0,171.4,0.465,0.578,4,0,H
1573.0,1722.0,231.2,329.2,0.844,0.26,1,1,D
1485.0,1762.0,250.8,343.3,0.928,0.875,2,3,A
1576.0,1678.0,313.6,264.9,0.343,0.011,0,2,H
1610.0,1629.0,381.7,130.5,0.642,0.227,2,1,H
1608.0,1675.0,296.8,240.8,0.227,0.404,1,2,D
1713.0,1533.0,314.3,265.6,0.56,0.586,1,2,H
1564.0,1585.0,234.0,158.4,0.254,0.561,3,1,H
1635.0,1518.0,193.4,221.2,0.571,0.176,1,1,H
1501.0,1475.0,302.3,137.3,0.172,0.105,2,3,H
1645.0,1633.0,263.7,298.6,0.941,0.222,1,2,H
1600.0,1619.0,136.2,263.3,0.887,0.349,0,1,H
1525.0,1669.0,223.8,118.3,0.337,0.014,3,0,D
1576.0,1655.0,243.4,278.1,0.777,0.692,0,2,A
1582.0,1624.0,209.2,245.5,0.096,0.248,0,1,A
1573.0,1656.0,368.5,291.3,0.74,0.351,2,0,H
1777.0,1596.0,288.4,218.7,0.282,0.335,3,0,H
1590.0,1641.0,359.9,185.9,0.136,0.512,0,0,H
1576.0,1527.0,271.1,188.3,0.678,0.86,1,2,H
1390.0,1637.0,256.5,206.9,0.47,0.149,3,0,H
1511.0,1667.0,175.1,251.5,0.53,0.341,1,2,H
1574.0,1533.0,251.0,261.8,0.521,0.692,0,2,D
1531.0,1605.0,251.0,234.7,0.059,0.044,4,0,H
1738.0,1538.0,140.6,216.1,0.051,0.83,2,2,H
1584.0,1547.0,206.8,221.9,0.601,0.962,2,4,D
1729.0,1488.0,224.1,450.6,0.624,0.608,2,2,D
1606.0,1727.0,283.1,188.3,0.047,0.957,0,1,D
1604.0,1707.0,286.9,205.4,0.378,0.413,1,2,H
1591.0,1654.0,203.5,513.5,0.613,0.415,1,1,A
1600.0,1797.0,287.5,283.7,0.657,0.106,0,0,H
1772.0,1581.0,235.4,139.6,0.828,0.035,0,1,H
1368.0,1903.0,20.4,317.4,0.421,0.245,1,3,A
1400.0,1577.0,211.2,177.2,0.548,0.478,2,4,H
1546.0,1626.0,336.3,322.7,0.579,0.508,2,1,H
1601.0,1560.0,115.5,233.1,0.312,0.218,2,3,A
1669.0,1637.0,259.0,214.8,0.054,0.613,1,1,A
1647.0,1684.0,376.8,378.7,0.004,0.181,3,2,H
1562.0,1589.0,189.2,295.3,0.836,0.326,2,1,H
1702.0,1778.0,250.2,327.8,0.2,0.196,1,2,A
1703.0,1624.0,145.7,284.8,0.63,0.697,0,2,H
1618.0,1627.0,380.2,214.4,0.577,0.517,0,2,D
1696.0,1509.0,243.3,298.9,0.4,0.736,1,0,H
1627.0,1642.0,253.7,346.7,0.833,0.057,1,5,A
1544.0,1587.0,358.3,260.8,0.698,0.425,2,0,H
1670.0,1539.0,302.9,394.1,0.023,0.967,0,3,H
1611.0,1522.0,179.9,318.0,0.777,0.054,1,4,A
1600.0,1867.0,198.2,267.0,0.507,0.418,2,2,A
1747.0,1574.0,289.6,270.1,0.347,0.04,1,3,H
1355.0,1454.0,200.1,261.0,0.727,0.147,2,3,A
1458.0,1530.0,80.6,149.9,0.686,0.463,2,1,A
1481.0,1595.0,245.7,242.8,0.311,0.158,2,3,D
1564.0,1655.0,131.6,267.7,0.983,0.519,1,3,H
1575.0,1655.0,379.3,216.7,0.649,0.923,1,2,H
1449.0,1668.0,264.1,277.0,0.606,0.2,1,0,A
1501.0,1536.0,177.6,251.7,0.07,0.107,3,2,H
1514.0,1634.0,194.1,311.9,0.279,0.825,1,0,D
1846.0,1512.0,98.8,303.0,0.447,0.46,1,1,H
1780.0,1538.0,162.0,263.4,0.631,0.883,3,1,H
1559.0,1508.0,331.3,140.6,0.513,0.306,1,2,H
1564.0,1481.0,428.5,393.3,0.763,0.628,4,0,H
1485.0,1706.0,308.1,238.6,0.263,0.923,2,0,H
1409.0,1669.0,242.6,243.5,0.702,0.172,4,2,H
1588.0,1698.0,215.4,222.6,0.817,0.801,1,2,H
1500.0,1604.0,173.5,210.9,0.765,0.632,1,1,H
1592.0,1678.0,414.8,373.5,0.771,0.813,2,2,H
1440.0,1424.0,234.9,360.9,0.889,0.171,0,1,D
1524.0,1686.0,419.3,285.6,0.084,0.434,1,2,H
1615.0,1618.0,361.5,241.4,0.697,0.129,0,0,H
1637.0,1663.0,110.7,299.5,0.969,0.96,0,0,A
1642.0,1638.0,196.7,255.9,0.574,0.063,2,1,D
1468.0,1501.0,196.5,234.8,0.217,0.065,1,1,D
1685.0,1450.0,243.6,277.0,0.999,0.898,0,0,D
1520.0,1529.0,245.2,214.7,0.175,0.301,1,1,H
1663.0,1656.0,489.7,270.2,0.336,0.597,0,2,H
1599.0,1669.0,163.8,266.3,0.172,0.287,0,1,H
1462.0,1463.0,268.3,298.2,0.465,0.649,2,3,H
1568.0,1502.0,299.3,200.5,0.419,0.192,3,2,D
1637.0,1528.0,249.9,306.8,0.491,0.459,4,0,H
1661.0,1564.0,258.8,177.5,0.928,0.533,2,0,D
1586.0,1464.0,166.4,204.2,0.478,0.334,0,1,A
1753.0,1458.0,258.5,207.7,0.515,0.252,1,2,D
1701.0,1518.0,290.9,164.2,0.887,0.14,3,4,H
1574.0,1609.0,276.2,331.3,0.818,0.706,3,1,A
1675.0,1482.0,295.6,172.5,0.24,0.168,0,0,H
1793.0,1588.0,363.0,194.1,0.013,0.292,0,1,H
1796.0,1706.0,325.0,350.4,0.629,0.337,0,0,H
1477.0,1470.0,255.7,204.4,0.845,0.454,1,1,D
1507.0,1579.0,156.3,234.9,0.553,0.703,0,2,A
1748.0,1702.0,202.0,169.0,0.211,0.428,1,3,H
1494.0,1558.0,232.4,316.6,0.741,0.871,1,1,A
1468.0,1543.0,270.2,317.7,0.67,0.68,3,4,D
1551.0,1716.0,211.7,309.1,0.565,0.838,2,3,A
1642.0,1569.0,175.1,293.0,0.863,0.716,2,0,H
1590.0,1710.0,154.9,255.9,0.784,0.149,1,1,H
1535.0,1643.0,117.9,208.0,0.668,0.978,1,0,D
1533.0,1566.0,231.2,184.8,0.665,0.787,2,2,A
1529.0,1648.0,132.4,353.2,0.662,0.573,0,1,A
1512.0,1632.0,170.0,311.2,0.525,0.165,2,3,D
1828.0,1702.0,218.5,194.5,0.464,0.173,0,4,H
1630.0,1545.0,143.1,253.2,0.71,0.614,1,0,H
1689.0,1604.0,280.4,226.0,0.61,0.416,2,2,H
1551.0,1594.0,309.2,159.7,0.49,0.676,1,0,H
1581.0,1670.0,206.0,264.2,0.127,0.372,0,0,A
1529.0,1497.0,215.0,216.8,0.702,0.513,1,0,H
1335.0,1702.0,293.0,173.8,0.646,0.188,2,0,H
1462.0,1647.0,192.9,131.7,0.342,0.155,2,2,A
1419.0,1468.0,187.4,124.9,0.356,0.076,3,0,H
1375.0,1721.0,345.7,220.3,0.247,0.82,1,2,D
1480.0,1823.0,320.7,243.2,0.962,0.555,0,1,D
1732.0,1700.0,298.1,180.0,0.86,0.947,3,0,H
1596.0,1743.0,324.1,302.1,0.561,0.749,1,0,H
1729.0,1609.0,91.8,244.8,0.402,0.769,2,3,H
1641.0,1434.0,358.3,296.2,0.737,0.509,4,0,H
1678.0,1416.0,281.4,235.4,0.528,0.815,3,2,H
1510.0,1626.0,330.9,187.0,0.976,0.942,2,3,H
1652.0,1541.0,281.0,259.1,0.055,0.722,3,2,H
1673.0,1509.0,253.9,149.0,0.034,0.106,1,4,H
1542.0,1594.0,228.0,293.2,0.569,0.651,2,1,D
1656.0,1662.0,279.4,175.0,0.203,0.12,3,2,D
1657.0,1455.0,225.1,323.5,0.604,0.077,1,3,H
1545.0,1555.0,319.4,222.9,0.781,0.693,1,1,D
1488.0,1751.0,123.1,335.0,0.138,0.835,0,1,A
1482.0,1492.0,206.7,160.2,0.441,0.159,1,1,H
1609.0,1687.0,413.6,195.8,0.689,0.074,2,0,H
1633.0,1552.0,199.9,280.5,0.834,0.887,3,2,D
1521.0,1655.0,230.9,343.6,0.496,0.132,1,2,D
1603.0,1710.0,179.4,383.3,0.206,0.035,1,0,A
1657.0,1674.0,276.9,253.3,0.586,0.721,3,0,H
1662.0,1691.0,191.1,397.0,0.455,0.848,0,2,A
1755.0,1485.0,235.2,226.8,0.772,0.514,1,3,H
1728.0,1711.0,317.9,337.9,0.556,0.54,4,3,H
1500.0,1515.0,194.1,174.6,0.279,0.337,0,0,D
1768.0,1626.0,313.1,283.6,0.754,0.238,2,4,H
1547.0,1626.0,315.8,62.7,0.518,0.755,0,0,H
1704.0,1649.0,334.4,160.3,0.178,0.849,1,2,H
1607.0,1634.0,261.2,287.3,0.563,0.321,1,2,D
1559.0,1516.0,509.3,145.0,0.948,0.274,1,3,H
1419.0,1465.0,334.4,284.2,0.706,0.268,2,3,H
1583.0,1687.0,276.0,322.5,0.299,0.051,5,0,H
1444.0,1619.0,179.9,209.9,0.711,0.281,1,1,D
1697.0,1715.0,242.2,172.5,0.283,0.026,3,0,H
1752.0,1596.0,364.1,212.1,0.543,0.788,2,3,H
1520.0,1459.0,386.8,172.7,0.527,0.256,2,0,H
1630.0,1697.0,368.3,241.9,0.247,0.69,2,1,H
1527.0,1563.0,312.8,258.2,0.348,0.543,2,6,D
1537.0,1634.0,149.5,225.5,0.942,0.837,0,2,H
1677.0,1535.0,289.0,383.9,0.251,0.96,1,2,H
1596.0,1764.0,150.7,192.4,0.801,0.367,2,1,H
1774.0,1512.0,131.0,361.3,0.667,0.088,2,2,H
1552.0,1566.0,269.1,166.7,0.533,0.75,1,5,A
1700.0,1611.0,291.9,255.8,0.138,0.021,1,2,H
1610.0,1491.0,322.3,344.6,0.205,0.223,1,0,H
1680.0,1633.0,289.8,340.5,0.179,0.053,0,4,A
1555.0,1761.0,292.5,216.4,0.587,0.898,0,2,D
1595.0,1551.0,171.2,294.4,0.973,0.005,1,1,H
1588.0,1640.0,241.6,283.7,0.877,0.493,3,1,D
1516.0,1325.0,129.4,206.8,0.025,0.424,2,3,H
1666.0,1596.0,89.7,299.3,0.274,0.653,1,2,A
1665.0,1569.0,309.3,399.0,0.157,0.29,1,0,D
1659.0,1518.0,189.8,287.7,0.976,0.874,0,3,D
1754.0,1708.0,319.8,295.3,0.236,0.734,0,2,H
1745.0,1567.0,338.7,303.8,0.201,0.432,1,0,H
1563.0,1582.0,200.5,133.1,0.621,0.358,2,0,H
1637.0,1562.0,297.2,286.8,0.556,0.816,1,1,H
1538.0,1408.0,197.1,168.7,0.226,0.757,2,1,A
1602.0,1487.0,102.3,202.8,0.67,0.399,2,0,H
1540.0,1696.0,259.9,423.0,0.097,0.341,1,4,A
1762.0,1389.0,212.3,229.7,0.019,0.039,4,1,H
1636.0,1523.0,214.8,190.8,0.082,0.082,3,3,H
1578.0,1560.0,408.0,342.2,0.365,0.054,1,2,D
1719.0,1774.0,127.9,174.2,0.975,0.024,3,1,H
1383.0,1677.0,280.6,214.2,0.547,0.153,1,1,D
1399.0,1544.0,170.4,349.9,0.755,0.857,1,1,A
1680.0,1730.0,322.7,253.4,0.321,0.798,1,1,H
1606.0,1526.0,273.9,125.1,0.719,0.846,2,0,H
1625.0,1701.0,280.3,293.5,0.966,0.624,2,0,D
1467.0,1464.0,174.4,218.3,0.358,0.624,2,3,A
1598.0,1707.0,188.8,373.2,0.999,0.124,2,2,A
1800.0,1559.0,324.2,201.5,0.638,0.699,2,2,D
1682.0,1497.0,391.7,334.1,0.749,0.28,1,2,D
1617.0,1578.0,288.4,392.1,0.252,0.519,3,0,H
1556.0,1628.0,178.2,181.9,0.643,0.955,1,1,A
1561.0,1551.0,277.1,234.5,0.511,0.871,1,2,A
1387.0,1655.0,444.2,281.1,0.956,0.233,1,5,H
1626.0,1542.0,258.2,181.4,0.905,0.737,3,2,H
1685.0,1662.0,366.9,271.6,0.397,0.104,3,2,H
1442.0,1644.0,190.8,232.0,0.947,0.027,2,2,A
1534.0,1594.0,246.6,230.4,0.885,0.028,1,0,A
1484.0,1556.0,299.6,253.9,0.59,0.17,5,1,H
1503.0,1615.0,281.8,255.7,0.082,0.695,1,0,A
1605.0,1655.0,188.7,263.1,0.161,0.363,0,1,D
1392.0,1806.0,185.2,202.1,0.077,0.016,2,1,A
1661.0,1694.0,329.1,205.6,0.108,0.988,2,0,D
1675.0,1698.0,345.3,240.5,0.977,0.533,1,1,D
1575.0,1909.0,371.0,246.4,0.212,0.394,2,0,A
1352.0,1652.0,394.3,214.9,0.691,0.519,1,1,D
1500.0,1648.0,260.8,275.9,0.637,0.52,0,0,A
1723.0,1670.0,225.1,104.8,0.631,0.47,2,1,H
1322.0,1499.0,358.1,191.6,0.207,0.613,1,2,H
1565.0,1556.0,307.0,227.6,0.579,0.886,2,3,H
1482.0,1549.0,171.4,181.5,0.626,0.302,2,3,D
1680.0,1665.0,167.3,380.3,0.57,0.487,0,3,H
1532.0,1583.0,289.4,251.5,0.186,0.004,0,1,H
1640.0,1614.0,235.8,264.1,0.723,0.86,2,3,D
1657.0,1709.0,247.9,211.3,0.073,0.306,1,1,H
1784.0,1686.0,335.8,248.7,0.591,0.271,1,0,H
1580.0,1584.0,310.7,152.8,0.436,0.998,2,3,D
1638.0,1533.0,356.4,236.4,0.25,0.584,1,1,H
1451.0,1714.0,95.5,175.0,0.807,0.123,1,2,A
1719.0,1677.0,270.3,227.8,0.176,0.266,2,0,H
1524.0,1439.0,305.6,45.2,0.933,0.353,3,0,D
1544.0,1569.0,127.9,159.8,0.885,0.986,1,3,D
1598.0,1617.0,197.6,367.1,0.361,0.431,2,1,A
1444.0,1678.0,182.8,316.4,0.305,0.23,1,2,A
1623.0,1691.0,251.7,355.5,0.137,0.57,2,0,A
1697.0,1628.0,380.2,361.0,0.916,0.405,2,0,H
1629.0,1659.0,411.8,303.8,0.628,0.055,1,0,H
1441.0,1606.0,184.9,213.8,0.032,0.861,4,4,H
1588.0,1533.0,292.1,167.0,0.511,0.016,1,1,H
1674.0,1574.0,294.7,341.7,0.086,0.898,0,3,D
1412.0,1602.0,281.0,255.2,0.574,0.792,1,0,A
1493.0,1597.0,281.9,449.5,0.509,0.076,0,2,H
1688.0,1411.0,274.3,220.8,0.083,0.724,1,2,H
1627.0,1560.0,385.0,407.8,0.816,0.771,3,1,H
1641.0,1606.0,338.2,237.5,0.262,0.602,3,1,H
1786.0,1572.0,165.2,356.9,0.541,0.578,0,1,H
1647.0,1575.0,313.7,385.7,0.639,0.05,1,0,H
1666.0,1649.0,321.4,168.2,0.962,0.059,6,4,H
1871.0,1492.0,275.2,211.2,0.494,0.727,0,2,H
1579.0,1437.0,340.5,167.4,0.917,0.106,3,1,H
1520.0,1565.0,265.0,151.6,0.355,0.242,2,3,D
1643.0,1676.0,266.0,303.4,0.857,0.499,2,1,H
1644.0,1769.0,259.7,234.3,0.236,0.164,0,2,H
1547.0,1678.0,88.5,254.2,0.707,0.79,1,1,A
1497.0,1453.0,243.6,294.5,0.089,0.807,3,2,A
1831.0,1577.0,196.5,101.4,0.986,0.842,0,3,H
1633.0,1626.0,155.1,352.9,0.954,0.05,1,2,H
1527.0,1618.0,364.7,222.1,0.442,0.428,2,1,H
1692.0,1654.0,290.3,292.6,0.524,0.847,2,3,D
1589.0,1508.0,247.6,299.7,0.598,0.363,0,3,H
1575.0,1606.0,204.8,359.7,0.275,0.696,5,2,A
1656.0,1642.0,273.7,241.6,0.674,0.589,1,3,D
1471.0,1683.0,329.3,80.1,0.699,0.347,4,3,D
1635.0,1519.0,183.8,254.6,0.525,0.276,0,3,A
1791.0,1565.0,249.6,266.1,0.148,0.653,2,1,H
1647.0,1330.0,319.4,167.3,0.919,0.134,0,0,H
1562.0,1538.0,95.1,261.8,0.115,0.86,2,0,A
1549.0,1548.0,245.4,221.1,0.629,0.576,2,2,D
1559.0,1498.0,215.7,142.6,0.103,0.112,0,2,H
1575.0,1617.0,239.3,303.7,0.146,0.704,4,1,H
1562.0,1594.0,209.9,204.9,0.021,0.431,3,2,A
1692.0,1374.0,261.0,217.5,0.363,0.204,2,2,H
1427.0,1622.0,403.9,213.0,0.64,0.961,3,1,A
1686.0,1507.0,224.1,348.8,0.522,0.72,3,2,H
1562.0,1649.0,273.3,246.7,0.675,0.593,1,0,H
1638.0,1472.0,409.6,256.3,0.675,0.849,2,0,D
1487.0,1603.0,206.0,214.7,0.14,0.544,2,1,A
1733.0,1572.0,395.2,287.0,0.057,0.441,0,0,H
1725.0,1630.0,250.4,357.9,0.625,0.189,2,4,H
1696.0,1612.0,392.6,301.8,0.653,0.153,1,2,H
1449.0,1574.0,310.0,304.9,0.557,0.432,3,2,H
1683.0,1446.0,274.6,298.5,0.246,0.456,1,0,H
1640.0,1452.0,244.7,139.6,0.811,0.733,0,0,H
1439.0,1542.0,200.1,179.9,0.076,0.442,1,1,H
1598.0,1599.0,256.1,233.6,0.632,0.593,2,1,H
1636.0,1539.0,321.8,191.9,0.12,0.833,1,2,D
1656.0,1663.0,249.0,164.8,0.654,0.993,1,0,D
1618.0,1572.0,224.7,100.2,0.418,0.323,4,1,H
1629.0,1503.0,229.9,142.3,0.718,0.902,1,1,D
1747.0,1572.0,329.4,229.5,0.052,0.806,2,5,H
1723.0,1623.0,348.0,244.4,0.555,0.068,3,4,H
1313.0,1632.0,196.6,186.6,0.145,0.334,2,2,A
1568.0,1788.0,196.5,256.3,0.682,0.219,1,2,A
1584.0,1533.0,280.3,215.3,0.12,0.664,2,4,H
1425.0,1593.0,372.2,337.2,0.074,0.555,4,2,H
1609.0,1643.0,341.7,237.1,0.713,0.495,2,1,D
1725.0,1598.0,149.9,305.7,0.064,0.764,1,0,A
1491.0,1550.0,228.9,266.3,0.225,0.333,3,3,A
1634.0,1445.0,175.6,137.8,0.825,0.383,4,3,H
1508.0,1549.0,228.6,242.7,0.81,0.866,0,0,D
1533.0,1493.0,378.4,151.2,0.854,0.972,0,2,H
1748.0,1427.0,136.2,241.4,0.326,0.776,2,1,H
1546.0,1520.0,120.5,190.4,0.528,0.217,1,5,H
1646.0,1495.0,183.7,280.6,0.773,0.113,2,0,H
1413.0,1658.0,273.0,142.6,0.137,0.209,0,2,A
1786.0,1660.0,299.7,251.2,0.724,0.423,2,1,H
1660.0,1510.0,285.0,295.8,0.097,0.237,2,3,H
1582.0,1574.0,344.1,322.6,0.913,0.901,3,0,H
1658.0,1414.0,109.0,188.9,0.637,0.671,0,0,D
1459.0,1551.0,345.1,251.4,0.493,0.417,3,1,A
1718.0,1640.0,225.0,264.7,0.485,0.274,0,5,H
1568.0,1682.0,308.5,373.8,0.181,0.381,1,0,D
1580.0,1529.0,144.1,131.5,0.346,0.476,4,0,H
1551.0,1705.0,250.4,177.1,0.727,0.714,1,2,A
1542.0,1448.0,268.9,474.4,0.541,0.089,2,2,H
1669.0,1475.0,342.5,228.2,0.529,0.849,0,1,H
1626.0,1671.0,123.2,98.7,0.195,0.128,3,3,D
1665.0,1767.0,252.5,203.4,0.69,0.262,5,1,H
1599.0,1649.0,163.2,28.5,0.392,0.994,4,0,D
1651.0,1596.0,290.4,269.3,0.183,0.19,2,0,H
1558.0,1380.0,312.2,314.8,0.944,0.101,1,0,D
1823.0,1398.0,353.0,177.1,0.507,0.638,2,2,H
1443.0,1613.0,207.2,212.3,0.528,0.393,1,0,A
1726.0,1564.0,324.2,323.9,0.981,0.092,6,0,H
1737.0,1489.0,358.9,110.0,0.366,0.004,0,1,H
1515.0,1607.0,118.5,144.3,0.943,0.079,1,0,H
1823.0,1612.0,299.0,231.8,0.695,0.523,4,2,H
1700.0,1694.0,326.7,189.8,0.633,0.231,1,0,H
1697.0,1614.0,229.3,226.5,0.234,0.778,2,1,D
1603.0,1723.0,153.1,148.9,0.052,0.858,3,1,D
1578.0,1601.0,325.4,267.1,0.438,0.145,0,3,D
1579.0,1588.0,154.0,238.1,0.01,0.337,0,1,H
1639.0,1706.0,235.7,293.9,0.071,0.147,1,1,H
1740.0,1502.0,246.8,266.0,0.595,0.287,4,1,H
1618.0,1881.0,307.2,266.5,0.724,0.239,1,1,A
1509.0,1638.0,199.9,134.3,0.168,0.787,1,1,A
1682.0,1638.0,195.2,289.4,0.733,0.345,2,1,H
1692.0,1653.0,257.9,223.5,0.95,0.496,2,0,H
1665.0,1788.0,330.5,236.7,0.743,0.674,1,3,H
1675.0,1679.0,433.0,333.9,0.785,0.822,0,2,H
1573.0,1439.0,129.4,192.4,0.701,0.301,1,2,H
1507.0,1740.0,275.2,358.1,0.225,0.209,1,1,D
1513.0,1566.0,163.1,365.6,0.361,0.978,4,0,A
1436.0,1611.0,331.5,310.2,0.949,0.32,1,2,H
1624.0,1472.0,174.9,171.6,0.661,0.671,2,1,D
1592.0,1653.0,196.0,75.1,0.789,0.678,2,3,D
1556.0,1535.0,202.9,336.3,0.969,0.514,3,2,A
1304.0,1610.0,243.9,258.9,0.231,0.228,2,0,D
1475.0,1572.0,275.9,190.4,0.322,0.141,1,1,H
1712.0,1793.0,288.7,343.9,0.645,0.487,1,0,H
1534.0,1798.0,249.5,181.1,0.024,0.511,1,1,D
1636.0,1605.0,143.6,216.1,0.571,0.773,2,3,D
1461.0,1606.0,308.2,292.0,0.809,0.71,1,1,D
1744.0,1563.0,245.8,160.9,0.61,0.912,3,5,H
1586.0,1711.0,342.9,241.2,0.295,0.971,1,0,A
1629.0,1567.0,193.4,337.1,0.724,0.728,4,2,H
1833.0,1558.0,121.8,266.9,0.146,0.077,2,5,D
1752.0,1698.0,247.3,349.8,0.895,0.405,0,2,H
1569.0,1546.0,353.7,340.7,0.101,0.609,1,0,A
1541.0,1596.0,262.9,250.6,0.863,0.59,3,3,D
1567.0,1442.0,234.0,63.1,0.498,0.181,3,1,H
1651.0,1670.0,180.4,161.5,0.429,0.583,1,0,H
1589.0,1794.0,390.6,311.1,0.501,0.35,1,1,H
1560.0,1672.0,167.6,126.0,0.2,0.339,0,2,A
1747.0,1746.0,192.0,223.9,0.458,0.834,1,1,H
1589.0,1515.0,295.6,277.1,0.85,0.422,2,3,D
1830.0,1624.0,101.5,367.6,0.801,0.527,1,1,H
1609.0,1506.0,352.0,204.0,0.163,0.563,1,2,D
1779.0,1577.0,299.9,198.5,0.673,0.563,2,3,H
1636.0,1677.0,321.9,245.8,0.857,0.213,3,2,H
1696.0,1610.0,294.6,278.1,0.82,0.599,2,4,D
1528.0,1459.0,237.1,237.7,0.426,0.335,0,2,H
1515.0,1468.0,164.9,333.9,0.048,0.655,0,1,H
1646.0,1462.0,238.8,186.1,0.931,0.146,2,0,H
1699.0,1649.0,172.0,259.6,0.396,0.994,2,1,A
1604.0,1806.0,288.9,285.6,0.361,0.772,2,2,A
1471.0,1736.0,314.5,218.0,0.76,0.417,1,3,D
1464.0,1410.0,368.1,317.2,0.264,0.301,0,2,D
1457.0,1742.0,279.7,261.9,0.835,0.388,3,2,A
1423.0,1694.0,324.0,313.1,0.076,0.721,8,2,A
1611.0,1445.0,226.2,265.5,0.741,0.655,2,4,H
1713.0,1570.0,211.7,280.1,0.966,0.702,1,2,H
1599.0,1710.0,287.9,199.4,0.996,0.889,1,2,A
1374.0,1655.0,219.1,199.5,0.924,0.456,1,2,A
1581.0,1469.0,271.5,348.0,0.871,0.67,0,2,H
1584.0,1661.0,165.1,300.8,0.279,0.442,2,4,A
1810.0,1386.0,179.5,168.2,0.967,0.638,2,1,H
1454.0,1578.0,300.8,264.5,0.928,0.475,1,2,A
1561.0,1714.0,320.9,60.1,0.534,0.777,5,2,H
1771.0,1602.0,171.1,204.1,0.402,0.005,5,1,D
1645.0,1550.0,303.6,326.9,0.109,0.216,1,2,D
1656.0,1689.0,207.4,240.0,0.591,0.296,2,3,H
1611.0,1697.0,251.3,259.4,0.701,0.945,1,0,H
1633.0,1731.0,363.4,20.0,0.404,0.507,2,0,D
1678.0,1687.0,314.6,218.6,0.406,0.364,0,1,D
1519.0,1708.0,313.7,277.1,0.573,0.404,1,2,D
1688.0,1673.0,402.7,287.2,0.028,0.452,2,2,A
1463.0,1627.0,193.7,327.0,0.958,0.868,0,1,D
1633.0,1609.0,171.1,233.2,0.29,0.962,1,2,D
1618.0,1576.0,192.2,236.7,0.141,0.844,0,1,A
1538.0,1479.0,229.6,143.4,0.005,0.842,1,1,D
1598.0,1504.0,61.6,233.6,0.857,0.199,4,0,D
1538.0,1572.0,233.4,149.1,0.863,0.269,0,0,D
1493.0,1624.0,206.4,102.2,0.095,0.596,1,2,D
1565.0,1744.0,312.7,163.2,0.152,0.656,2,2,H
1490.0,1596.0,278.2,370.7,0.448,0.203,0,0,A
1632.0,1700.0,201.9,228.4,0.186,0.746,2,1,D
1485.0,1708.0,297.2,267.6,0.736,0.2,0,2,A
1671.0,1577.0,307.9,208.9,0.058,0.263,3,1,H
1482.0,1659.0,188.5,106.8,0.55,0.307,1,2,H
1543.0,1576.0,210.6,324.9,0.383,0.846,1,1,H
1538.0,1732.0,72.0,76.2,0.465,0.732,0,4,A
1733.0,1664.0,162.7,205.6,0.425,0.531,5,2,D
1633.0,1481.0,190.6,245.6,0.153,0.82,1,4,H
1579.0,1616.0,255.9,268.4,0.22,0.813,1,1,H
1650.0,1765.0,174.4,191.9,0.065,0.39,5,0,H
1389.0,1582.0,208.9,103.0,0.115,0.781,0,1,A
1596.0,1645.0,152.0,185.9,0.978,0.206,3,2,H
1800.0,1655.0,263.7,190.1,0.28,0.503,1,1,H
1613.0,1496.0,284.1,188.2,0.307,0.118,0,1,H
1607.0,1651.0,282.2,327.6,0.127,0.427,2,2,D
1655.0,1461.0,251.0,152.9,0.755,0.52,3,1,H
1690.0,1537.0,126.7,274.1,0.924,0.08,0,0,D
1400.0,1708.0,200.4,262.7,0.79,0.463,2,1,D
1432.0,1636.0,217.4,326.8,0.613,0.652,0,1,D
1621.0,1570.0,217.7,239.3,0.813,0.614,2,4,H
1529.0,1645.0,256.0,313.3,0.404,0.054,0,1,A
1731.0,1594.0,364.0,236.2,0.859,0.095,0,2,D
1568.0,1601.0,315.0,284.8,0.799,0.351,1,2,D
1407.0,1666.0,171.0,129.8,0.002,0.843,1,0,A
1473.0,1527.0,304.3,38.9,0.488,0.87,1,1,H
1325.0,1604.0,301.2,280.2,0.265,0.31,2,4,D
1577.0,1569.0,185.5,284.5,0.086,0.719,3,1,H
1581.0,1441.0,317.9,288.0,0.846,0.577,1,0,H
1558.0,1508.0,237.2,208.0,0.008,0.983,0,1,A
1708.0,1757.0,137.2,369.2,0.73,0.095,0,0,D
1720.0,1638.0,286.4,213.2,0.988,0.548,0,3,H
1583.0,1468.0,267.4,283.7,0.482,0.593,2,1,H
1387.0,1446.0,231.8,297.6,0.371,0.308,2,1,H
1662.0,1589.0,247.0,387.5,0.606,0.047,1,1,H
1656.0,1756.0,192.5,224.6,0.805,0.052,4,0,D
1631.0,1581.0,298.8,197.7,0.24,0.454,4,1,D
1698.0,1731.0,246.5,130.1,0.251,0.692,0,0,H
1484.0,1635.0,263.3,374.2,0.607,0.7,0,0,A
1801.0,1647.0,278.6,283.7,0.94,0.181,3,1,H
1504.0,1466.0,157.6,286.2,0.298,0.858,1,3,D
1675.0,1694.0,178.5,499.3,0.377,0.377,4,1,A
1431.0,1567.0,73.2,276.0,0.993,0.964,1,1,A
1507.0,1686.0,295.2,145.8,0.176,0.118,1,1,A
1752.0,1519.0,153.0,234.3,0.077,0.836,1,1,H
1574.0,1618.0,260.6,172.0,0.59,0.908,4,2,H
1684.0,1635.0,279.7,218.3,0.024,0.823,1,1,D
1624.0,1585.0,298.2,217.8,0.18,0.809,2,1,D
1590.0,1640.0,153.7,203.0,0.622,0.361,0,3,D
1736.0,1573.0,244.8,138.5,0.66,0.713,3,2,H
1576.0,1535.0,383.6,377.4,0.51,0.579,2,1,H
1422.0,1761.0,387.1,273.9,0.384,0.424,3,1,H
1520.0,1705.0,329.0,232.0,0.576,0.993,3,3,D
1655.0,1524.0,277.0,310.6,0.643,0.29,1,0,H
1640.0,1657.0,169.6,287.7,0.803,0.413,1,3,H
1443.0,1526.0,307.5,272.1,0.793,0.903,2,0,D
1528.0,1482.0,237.4,304.8,0.665,0.289,2,2,H
1542.0,1703.0,294.8,260.7,0.894,0.153,4,1,H
1563.0,1430.0,199.4,303.6,0.838,0.31,1,1,H
1462.0,1693.0,236.2,310.2,0.133,0.759,1,2,A
1537.0,1575.0,263.1,263.0,0.957,0.86,2,3,D
1527.0,1579.0,269.7,232.4,0.892,0.114,2,1,D
1677.0,1641.0,289.5,372.4,0.321,0.622,0,2,D
1681.0,1658.0,203.7,211.8,0.02,0.567,0,1,D
1585.0,1517.0,142.5,281.3,0.604,0.669,1,0,A
1561.0,1672.0,380.0,283.1,0.438,0.671,2,1,H
1614.0,1611.0,449.1,201.2,0.75,0.959,2,0,H
1518.0,1474.0,285.8,185.4,0.525,0.347,2,1,D
1485.0,1583.0,144.1,221.7,0.076,0.3,0,1,A
1506.0,1738.0,188.1,210.6,0.245,0.581,4,1,D
1537.0,1768.0,290.7,133.3,0.883,0.429,1,2,A
1484.0,1672.0,357.3,197.9,0.038,0.474,0,1,H
1616.0,1481.0,153.0,271.3,0.737,0.069,0,1,H
1673.0,1649.0,240.1,351.3,0.292,0.148,2,3,A
1441.0,1685.0,265.7,294.4,0.453,0.935,3,1,A
1603.0,1673.0,319.2,42.0,0.531,0.068,3,2,H
1578.0,1678.0,222.5,301.3,0.25,0.59,0,1,H
1634.0,1636.0,124.9,205.3,0.652,0.755,1,0,A
1599.0,1593.0,299.7,286.2,0.693,0.012,1,1,D
1455.0,1539.0,340.0,248.9,0.085,0.223,2,1,H
1474.0,1410.0,243.4,234.6,0.374,0.377,0,1,H
1603.0,1634.0,282.4,241.8,0.744,0.507,2,0,H
1703.0,1619.0,212.0,248.2,0.722,0.342,0,1,H
1379.0,1656.0,182.3,357.6,0.545,0.649,2,2,A
1635.0,1466.0,332.1,248.4,0.778,0.226,3,1,D
1719.0,1665.0,281.0,336.8,0.108,0.025,6,3,H
1585.0,1805.0,289.2,325.2,0.118,0.002,3,1,A
1655.0,1608.0,370.2,303.4,0.657,0.346,2,1,D
1530.0,1594.0,165.6,107.1,0.693,0.362,0,2,D
1588.0,1631.0,205.8,339.3,0.815,0.949,1,1,A
1438.0,1803.0,262.6,213.4,0.181,0.045,2,1,D
1366.0,1498.0,204.9,307.3,0.517,0.53,0,2,A
1694.0,1620.0,312.7,172.2,0.661,0.578,0,2,H
1502.0,1520.0,235.0,155.2,0.224,0.699,1,0,H
1554.0,1545.0,170.6,408.1,0.517,0.639,3,0,D
1461.0,1595.0,255.3,173.4,0.638,0.008,0,2,H
1459.0,1735.0,263.6,341.7,0.214,0.632,2,0,A
1583.0,1780.0,324.8,259.5,0.376,0.322,2,1,D
1527.0,1645.0,281.5,216.4,0.216,0.773,0,0,D
1638.0,1562.0,286.9,246.4,0.903,0.188,1,1,H
1645.0,1849.0,275.6,145.9,0.237,0.716,3,2,H
1632.0,1557.0,234.9,248.9,0.121,0.625,0,1,H
1624.0,1543.0,192.7,163.4,0.035,0.652,1,4,H
1758.0,1423.0,273.1,218.4,0.045,0.176,3,0,D
1493.0,1740.0,223.4,324.0,0.192,0.669,1,2,A
1595.0,1697.0,385.2,270.3,0.608,0.737,1,3,D
1713.0,1842.0,357.4,131.4,0.018,0.489,2,2,D
1726.0,1461.0,300.6,318.1,0.287,0.34,1,2,H
1458.0,1746.0,280.3,249.4,0.058,0.167,2,2,D
1569.0,1607.0,243.0,206.6,0.404,0.29,1,1,H
1736.0,1681.0,149.1,309.7,0.049,0.764,4,5,A
1651.0,1435.0,232.7,236.6,0.608,0.409,0,1,H
1620.0,1747.0,258.1,156.7,0.688,0.703,1,1,A
1578.0,1679.0,268.4,397.8,0.731,0.74,2,3,D
1562.0,1596.0,287.6,248.6,0.224,0.674,1,2,D
1629.0,1665.0,323.7,243.5,0.869,0.674,1,0,H
1575.0,1523.0,194.6,217.6,0.69,0.611,0,0,D
1596.0,1542.0,195.4,344.4,0.057,0.518,2,2,A
1608.0,1554.0,366.1,208.0,0.441,0.198,4,0,H
1532.0,1415.0,311.7,126.4,0.768,0.843,1,0,H
1653.0,1686.0,218.7,195.7,0.311,0.964,2,2,A
1891.0,1719.0,241.4,356.1,0.382,0.466,3,0,H
1422.0,1530.0,241.8,316.6,0.63,0.933,1,0,H
1632.0,1635.0,252.5,229.6,0.055,0.998,1,3,A
1524.0,1573.0,287.8,359.9,0.967,0.486,2,2,H
1658.0,1633.0,452.8,309.8,0.174,0.724,4,2,H
1605.0,1537.0,265.2,228.7,0.027,0.644,2,2,H
1676.0,1512.0,303.0,236.7,0.005,0.237,0,3,H
1718.0,1705.0,115.1,276.3,0.4,0.047,4,3,A
1619.0,1594.0,211.2,183.4,0.884,0.453,0,1,H
1713.0,1802.0,348.3,250.4,0.82,0.787,1,1,H
1366.0,1605.0,282.2,274.7,0.912,0.325,0,3,A
1759.0,1507.0,20.0,115.0,0.534,0.784,0,1,D
1638.0,1723.0,303.9,234.9,0.449,0.655,1,0,H
1708.0,1663.0,403.5,225.8,0.386,0.696,2,0,H
1478.0,1673.0,90.3,332.2,0.046,0.286,3,1,A
1517.0,1719.0,371.6,102.4,0.91,0.47,1,0,H
1615.0,1535.0,28.2,219.5,0.496,0.182,2,2,H
1598.0,1587.0,325.0,211.5,0.455,0.247,0,2,H
1628.0,1583.0,249.3,326.8,0.515,0.09,2,1,H
1708.0,1471.0,62.0,246.5,0.794,0.127,0,0,H
1423.0,1574.0,285.7,393.7,0.224,0.211,2,2,A
1697.0,1734.0,342.1,303.0,0.71,0.58,1,4,H
1601.0,1624.0,279.1,217.2,0.711,0.441,0,4,H
1580.0,1465.0,296.8,269.2,0.85,0.267,4,3,H
1453.0,1444.0,217.1,221.7,0.009,0.861,2,2,A
1650.0,1766.0,101.1,318.8,0.17,0.525,0,0,A
1359.0,1591.0,305.3,143.4,0.471,0.923,2,2,D
1665.0,1535.0,390.0,184.1,0.851,0.635,2,2,H
1451.0,1573.0,340.4,286.5,0.965,0.016,2,1,A
1605.0,1452.0,91.0,348.1,0.595,0.913,4,2,D
1588.0,1742.0,128.8,73.8,0.212,0.857,3,1,A
1717.0,1561.0,182.3,360.0,0.185,0.635,1,0,H
1582.0,1737.0,122.6,238.8,0.639,0.535,5,1,H
1531.0,1605.0,253.5,99.3,0.21,0.453,1,3,H
1549.0,1743.0,281.5,20.0,0.553,0.482,2,2,A
1727.0,1626.0,135.6,127.6,0.835,0.769,1,0,D
1654.0,1685.0,312.2,248.4,0.39,0.513,2,0,H
1561.0,1672.0,298.1,244.7,0.378,0.176,1,3,A
1576.0,1662.0,206.1,300.7,0.036,0.058,0,3,A
1443.0,1635.0,236.2,206.0,0.254,0.126,3,0,A
1639.0,1577.0,94.0,161.4,0.698,0.251,1,3,H
1424.0,1792.0,223.4,217.0,0.36,0.368,0,0,D
1675.0,1509.0,250.6,252.7,0.158,0.892,1,3,A
1613.0,1600.0,263.5,268.5,0.106,0.239,2,2,H
1839.0,1601.0,280.3,186.9,0.095,0.32,2,0,H
1490.0,1640.0,269.5,322.1,0.659,0.223,3,1,H
1590.0,1557.0,228.9,200.3,0.613,0.546,1,1,H
1780.0,1631.0,272.9,180.4,0.519,0.617,2,1,H
1719.0,1583.0,330.2,206.6,0.5,0.532,0,2,H
1530.0,1442.0,242.4,336.0,0.153,0.952,0,1,A
1622.0,1601.0,275.4,239.4,0.501,0.995,0,3,D
1600.0,1490.0,235.1,194.4,0.06,0.837,1,1,A
1628.0,1427.0,198.3,324.1,0.926,0.805,3,3,D
1530.0,1614.0,291.8,421.4,0.058,0.366,2,0,A
1591.0,1649.0,205.6,266.8,0.424,0.58,0,1,A
1440.0,1653.0,280.9,348.7,0.001,0.351,2,2,A
1614.0,1657.0,252.3,332.9,0.786,0.784,3,2,D
1645.0,1407.0,225.7,201.5,0.166,0.172,1,1,H
1577.0,1464.0,223.7,252.1,0.925,0.217,1,1,D
1438.0,1797.0,209.4,147.4,0.044,0.039,4,5,A
1699.0,1495.0,118.3,233.6,0.821,0.609,1,2,D
1636.0,1661.0,280.6,199.9,0.657,0.689,1,1,H
1527.0,1531.0,268.5,217.8,0.25,0.003,2,6,H
1572.0,1608.0,318.0,190.0,0.202,0.511,3,3,D
1450.0,1537.0,207.5,227.0,0.358,0.377,2,2,D
1497.0,1656.0,401.6,292.6,0.828,0.792,3,1,H
1546.0,1614.0,219.6,240.4,0.862,0.039,2,1,D
1723.0,1555.0,180.0,100.9,0.175,0.049,0,1,H
1536.0,1495.0,170.5,190.3,0.353,0.62,1,0,H
1664.0,1627.0,111.3,128.4,0.237,0.592,2,1,D
1546.0,1479.0,372.6,269.5,0.123,0.831,2,0,H
1625.0,1643.0,359.7,290.3,0.646,0.592,5,0,H
1586.0,1863.0,298.1,270.5,0.346,0.949,1,0,D
1687.0,1735.0,178.3,187.0,0.225,0.314,1,0,H
1547.0,1672.0,394.9,269.7,0.866,0.398,1,2,A
1443.0,1591.0,221.9,212.4,0.748,0.978,2,1,H
1462.0,1406.0,228.5,158.9,0.774,0.108,1,2,H
1547.0,1468.0,365.0,309.4,0.039,0.796,0,0,D
1475.0,1728.0,302.7,315.4,0.915,0.012,1,1,H
1641.0,1521.0,426.1,325.9,0.575,0.487,2,0,D
1553.0,1530.0,269.9,201.3,0.504,0.153,2,2,H
1837.0,1583.0,218.2,344.3,0.011,0.599,0,1,H
1426.0,1494.0,201.1,210.5,0.898,0.798,2,1,A
1620.0,1477.0,102.2,302.3,0.544,0.033,4,3,D
1487.0,1595.0,227.7,209.1,0.825,0.164,3,2,H
1551.0,1511.0,341.6,232.1,0.656,0.343,1,1,D
1614.0,1526.0,297.9,56.3,0.797,0.256,1,1,D
1367.0,1522.0,251.6,225.8,0.693,0.383,0,2,D
1624.0,1652.0,170.4,257.3,0.921,0.952,0,0,A
1790.0,1577.0,268.1,217.2,0.225,0.101,0,3,H
1555.0,1582.0,331.0,390.5,0.202,0.423,0,0,H
1626.0,1660.0,284.5,157.0,0.713,0.457,0,1,H
1702.0,1586.0,263.3,204.9,0.501,0.28,3,0,H
1584.0,1572.0,186.2,177.6,0.599,0.279,0,2,D
1542.0,1647.0,319.4,204.9,0.709,0.715,1,1,H
1372.0,1667.0,20.0,332.5,0.547,0.618,1,2,H
1664.0,1585.0,280.6,368.2,0.788,0.813,2,2,H
1589.0,1608.0,455.6,193.9,0.319,0.405,2,2,H
1499.0,1522.0,129.3,192.2,0.859,0.607,3,2,D
1613.0,1514.0,230.7,157.4,0.108,0.894,1,3,H
1542.0,1677.0,249.4,354.5,0.634,0.851,2,1,H
1547.0,1644.0,213.0,339.7,0.89,0.92,2,0,H
1661.0,1646.0,332.9,241.5,0.253,0.269,2,1,H
1466.0,1628.0,287.8,138.3,0.327,0.985,1,1,A
1705.0,1605.0,262.2,145.5,0.305,0.816,3,0,H
1460.0,1670.0,313.8,263.7,0.564,0.795,2,2,A
1534.0,1694.0,251.3,293.9,0.413,0.668,1,1,A
1792.0,1691.0,504.4,84.7,0.108,0.983,4,0,H
1713.0,1590.0,262.1,224.3,0.891,0.442,1,3,H
1610.0,1739.0,265.6,379.5,0.205,0.742,2,2,D
1506.0,1623.0,113.2,232.6,0.534,0.699,3,0,D
1547.0,1663.0,206.5,369.2,0.595,0.732,1,0,D
1607.0,1628.0,341.8,301.9,0.041,0.751,2,2,A
1604.0,1625.0,143.2,163.3,0.096,0.191,2,0,H
1591.0,1526.0,77.4,226.6,0.972,0.349,0,0,H
1597.0,1670.0,252.6,239.7,0.665,0.392,3,4,A
1579.0,1885.0,359.7,173.8,0.034,0.748,0,2,A
1456.0,1563.0,253.4,172.4,0.794,0.716,2,2,H
1548.0,1607.0,223.1,370.5,0.509,0.833,1,3,A
1691.0,1555.0,101.3,171.8,0.075,0.789,2,0,H
1463.0,1551.0,286.2,336.3,0.681,0.596,2,1,A
1581.0,1754.0,302.9,215.1,0.499,0.14,0,1,D
1518.0,1533.0,107.5,247.9,0.205,0.635,0,2,A
1611.0,1553.0,340.8,294.9,0.878,0.887,1,3,H
1561.0,1441.0,311.3,202.1,0.291,0.643,2,0,H
1748.0,1524.0,340.6,295.4,0.285,0.896,2,0,H
1651.0,1429.0,296.7,86.3,0.273,0.999,3,2,H
1469.0,1663.0,302.3,285.2,0.767,0.359,2,1,D
1667.0,1880.0,291.7,52.5,0.706,0.723,2,1,H
1523.0,1563.0,319.5,231.9,0.903,0.54,5,0,D
1542.0,1433.0,104.5,318.3,0.229,0.455,4,2,H
1631.0,1690.0,129.9,299.8,0.786,0.24,1,0,A
1551.0,1527.0,191.1,146.1,0.573,0.246,3,0,H
1689.0,1730.0,239.6,156.4,0.309,0.185,1,1,H
1523.0,1572.0,281.1,194.9,0.035,0.631,3,3,H
1538.0,1537.0,276.0,264.9,0.819,0.142,3,4,H
1534.0,1582.0,339.4,87.4,0.241,0.431,2,0,H
1543.0,1676.0,341.9,248.9,0.632,0.523,2,3,H
1710.0,1577.0,180.2,274.9,0.549,0.438,2,1,H
1663.0,1550.0,269.1,227.4,0.004,0.855,3,0,H
1771.0,1580.0,182.2,292.0,0.994,0.443,3,2,D
1827.0,1473.0,234.9,267.9,0.814,0.083,1,2,H
1497.0,1640.0,275.7,206.7,0.486,0.992,2,0,A
1607.0,1421.0,20.0,95.1,0.68,0.845,0,0,D
1482.0,1556.0,442.9,260.7,0.477,0.66,2,2,D
1522.0,1676.0,295.3,173.8,0.745,0.756,0,4,H
1537.0,1630.0,202.3,203.7,0.134,0.128,1,2,A
1494.0,1659.0,404.2,288.3,0.446,0.766,2,1,A
1495.0,1593.0,222.2,363.4,0.336,0.208,3,2,D
1586.0,1717.0,260.6,247.0,0.46,0.489,1,2,H
1478.0,1692.0,211.0,294.3,0.45,0.178,2,0,D
1684.0,1645.0,382.2,134.4,0.143,0.754,1,3,H
1508.0,1693.0,241.6,269.6,0.976,0.246,0,3,H
1881.0,1675.0,262.0,245.2,0.015,0.253,2,2,H
1555.0,1556.0,346.3,348.3,0.01,0.109,4,0,H
1607.0,1466.0,296.8,206.8,0.373,0.721,4,0,H
1470.0,1642.0,245.7,230.7,0.62,0.296,2,3,H
1771.0,1655.0,338.8,334.7,0.18,0.518,3,3,A
1712.0,1709.0,453.1,242.6,0.533,0.332,2,3,H
1630.0,1506.0,275.4,161.3,0.723,0.775,2,2,H
1465.0,1509.0,259.3,454.1,0.094,0.226,1,4,D
1621.0,1646.0,263.7,163.7,0.984,0.941,3,3,H
1488.0,1593.0,354.8,244.8,0.337,0.321,1,0,H
1746.0,1411.0,202.1,277.7,0.642,0.104,2,2,H
1681.0,1638.0,227.7,271.4,0.111,0.24,1,2,A
1610.0,1415.0,127.0,234.8,0.709,0.074,1,2,D
1356.0,1505.0,155.3,235.2,0.84,0.469,1,0,H
1502.0,1735.0,208.6,231.2,0.105,0.25,0,1,A
1669.0,1782.0,245.5,160.7,0.126,0.886,2,0,A
1721.0,1478.0,391.5,422.0,0.281,0.517,0,2,D
1711.0,1567.0,292.9,232.4,0.012,0.233,2,1,H
1441.0,1604.0,177.0,297.8,0.986,0.451,1,4,A
1630.0,1778.0,191.8,223.2,0.598,0.196,0,3,H
1702.0,1551.0,360.0,221.6,0.608,0.179,3,3,H
1434.0,1552.0,340.1,213.6,0.959,0.301,0,0,D
1599.0,1755.0,252.3,126.0,0.832,0.108,2,2,H
1627.0,1563.0,214.6,237.2,0.814,0.189,1,1,H
1570.0,1672.0,340.0,217.4,0.34,0.938,3,2,H
1415.0,1452.0,170.5,343.7,0.335,0.667,2,0,A
1567.0,1583.0,281.4,154.3,0.292,0.921,1,1,H
1567.0,1434.0,431.8,203.8,0.347,0.257,1,2,H
1585.0,1494.0,266.4,178.1,0.37,0.857,1,1,H
1544.0,1684.0,188.0,365.4,0.14,0.362,1,3,D
1556.0,1595.0,282.8,180.4,0.356,0.144,1,0,H
1596.0,1568.0,212.4,295.0,0.447,0.805,2,1,D
1644.0,1525.0,138.5,327.6,0.309,0.06,1,1,A
1570.0,1578.0,306.1,238.3,0.165,0.405,1,1,D
1559.0,1630.0,339.4,139.9,0.373,0.819,1,1,H
1609.0,1698.0,225.1,140.9,0.481,0.617,5,0,H
1408.0,1337.0,219.8,318.8,0.721,0.518,0,0,D
1648.0,1517.0,173.1,149.2,0.711,0.354,2,0,H
1600.0,1616.0,238.0,281.4,0.203,0.075,0,2,A
1604.0,1590.0,205.0,259.1,0.037,0.991,2,2,D
1696.0,1640.0,169.1,280.2,0.304,0.175,2,1,A
1405.0,1627.0,401.4,287.7,0.157,0.255,3,4,D
1403.0,1570.0,287.3,175.3,0.396,0.236,1,4,A
1627.0,1547.0,295.8,172.0,0.979,0.908,0,0,H
1599.0,1575.0,320.7,307.2,0.181,0.764,0,0,A
1617.0,1715.0,311.7,199.7,0.319,0.457,0,0,H
1554.0,1527.0,217.0,30.0,0.725,0.955,6,1,H
1666.0,1594.0,271.8,301.9,0.509,0.053,0,1,H
1693.0,1618.0,228.5,167.1,0.044,0.894,0,1,H
1648.0,1756.0,285.1,287.4,0.162,0.06,1,2,D
1574.0,1570.0,277.3,361.4,0.935,0.391,1,3,H
1389.0,1696.0,219.4,251.3,0.103,0.054,3,1,A
1677.0,1723.0,143.7,329.7,0.635,0.999,1,1,A
1722.0,1594.0,261.7,262.3,0.792,0.914,2,2,H
1664.0,1579.0,233.7,377.0,0.265,0.585,5,3,H
1512.0,1567.0,98.8,165.0,0.725,0.218,0,1,H
1667.0,1574.0,290.6,249.3,0.17,0.277,5,2,H
1686.0,1685.0,327.2,303.9,0.285,0.45,0,3,H
1756.0,1623.0,452.3,234.8,0.312,0.323,2,2,H
1512.0,1624.0,218.7,342.2,0.996,0.021,2,0,A
1577.0,1487.0,206.9,215.4,0.215,0.656,3,3,H
1675.0,1503.0,161.2,415.5,0.129,0.613,1,0,H
1606.0,1814.0,266.7,419.8,0.926,0.904,4,2,H
1488.0,1582.0,266.2,272.6,0.162,0.477,1,2,D
1641.0,1523.0,185.1,294.2,0.879,0.345,0,3,H
1658.0,1743.0,236.0,345.3,0.65,0.512,4,0,H
1609.0,1628.0,91.7,155.0,0.577,0.195,0,2,H
1622.0,1658.0,324.1,145.0,0.751,0.626,0,1,H
1574.0,1586.0,188.3,350.5,0.726,0.77,2,2,A
1748.0,1568.0,247.2,271.9,0.111,0.153,2,2,A
1510.0,1583.0,135.9,231.9,0.999,0.318,1,1,H
1541.0,1462.0,203.4,250.9,0.942,0.868,2,0,H
1601.0,1591.0,227.6,59.1,0.897,0.506,0,2,H
1688.0,1630.0,249.1,234.8,0.622,0.532,2,1,D
1450.0,1785.0,288.4,189.8,0.523,0.722,2,1,A
1469.0,1609.0,365.1,323.4,0.536,0.578,0,2,A
1396.0,1367.0,308.6,329.6,0.015,0.07,2,1,H
1603.0,1591.0,327.0,296.1,0.499,0.804,3,2,A
1488.0,1874.0,365.7,281.6,0.624,0.923,0,2,H
1562.0,1687.0,295.6,130.2,0.659,0.053,0,0,H
1666.0,1519.0,247.1,297.3,0.332,0.121,3,1,H
1536.0,1659.0,330.7,300.4,0.471,0.702,3,0,D
1623.0,1526.0,335.8,349.6,0.636,0.604,1,0,H
1570.0,1465.0,301.9,419.5,0.428,0.383,0,2,A
1667.0,1565.0,133.6,114.6,0.962,0.539,1,1,H
1648.0,1609.0,182.7,218.9,0.705,0.703,0,0,A
1531.0,1413.0,228.0,190.6,0.001,0.504,2,3,A
1583.0,1485.0,312.4,263.8,0.023,0.14,2,1,H
1704.0,1601.0,248.3,251.1,0.69,0.089,2,2,D
1639.0,1559.0,340.9,231.3,0.413,0.439,2,0,H
1460.0,1639.0,355.2,332.2,0.839,0.923,0,2,D
1666.0,1479.0,345.9,161.9,0.173,0.558,3,0,H
1492.0,1671.0,346.4,166.7,0.014,0.358,0,1,A
1741.0,1482.0,167.0,168.1,0.388,0.909,2,1,H
1702.0,1764.0,288.6,221.2,0.736,0.389,2,0,H
1629.0,1428.0,201.4,151.7,0.972,0.509,1,1,H
1616.0,1491.0,118.1,246.1,0.884,0.116,1,1,D
1579.0,1642.0,227.0,236.8,0.484,0.737,1,1,D
1668.0,1766.0,356.0,187.1,0.813,0.7,3,1,H
1563.0,1632.0,286.9,319.9,0.07,0.794,1,1,A
1624.0,1656.0,411.4,245.2,0.572,0.325,3,2,H
1687.0,1602.0,264.2,335.0,0.924,0.436,1,0,H
1544.0,1497.0,445.8,234.4,0.396,0.168,0,0,H
1538.0,1551.0,264.2,248.1,0.96,0.965,0,0,H
1481.0,1479.0,251.8,205.0,0.221,0.086,2,1,H
1494.0,1472.0,147.6,249.4,0.106,0.649,1,2,H
1417.0,1640.0,338.8,307.0,0.525,0.705,1,0,A
1673.0,1488.0,209.8,217.1,0.907,0.158,2,0,H
1781.0,1632.0,198.2,291.5,0.311,0.365,2,0,H
1743.0,1470.0,352.5,185.0,0.8,0.043,3,1,D
1437.0,1630.0,342.7,310.7,0.169,0.557,1,0,A
1672.0,1551.0,340.6,203.6,0.746,0.995,1,0,D
1742.0,1741.0,221.0,318.1,0.557,0.43,2,1,H
1554.0,1632.0,245.9,254.9,0.175,0.99,3,2,H
1610.0,1724.0,245.2,371.7,0.718,0.126,3,1,A
1399.0,1524.0,312.6,157.7,0.714,0.392,2,1,H
1627.0,1606.0,374.3,131.9,0.515,0.902,2,1,D
1494.0,1502.0,279.5,200.7,0.225,0.877,2,0,H
1620.0,1559.0,408.0,139.2,0.132,0.324,1,4,H
1444.0,1574.0,321.8,139.4,0.957,0.679,2,2,H
1654.0,1527.0,231.2,299.7,0.656,0.886,1,1,D
1702.0,1478.0,316.3,249.7,0.809,0.767,3,0,H
1522.0,1459.0,386.5,211.6,0.697,0.628,2,1,H
1486.0,1366.0,409.9,219.0,0.829,0.153,3,0,H
1384.0,1494.0,345.0,202.2,0.162,0.073,0,2,A
1573.0,1663.0,252.1,382.0,0.497,0.615,1,0,H
1542.0,1440.0,232.7,191.2,0.667,0.5,1,3,H
1445.0,1463.0,296.1,144.2,0.103,0.238,2,1,H
1645.0,1779.0,383.9,313.7,0.15,0.293,0,3,D
1555.0,1536.0,284.7,232.7,0.634,0.392,1,2,D
1492.0,1632.0,286.4,413.1,0.869,0.496,1,3,A
1545.0,1664.0,254.1,207.9,0.66,0.39,1,2,H
1707.0,1666.0,223.8,317.7,0.036,0.387,3,1,A
1660.0,1448.0,237.0,336.6,0.97,0.116,1,1,H
1587.0,1577.0,260.8,208.3,0.14,0.866,1,1,D
1662.0,1438.0,387.4,190.6,0.233,0.609,3,3,H
1484.0,1845.0,230.8,309.3,0.975,0.146,5,1,A
1603.0,1441.0,254.2,296.0,0.771,0.424,1,1,D
1615.0,1495.0,180.8,137.2,0.937,0.417,2,4,D
1553.0,1496.0,307.3,159.7,0.807,0.601,1,1,D
1644.0,1450.0,359.3,47.1,0.652,0.609,0,0,H
1522.0,1735.0,380.0,297.6,0.285,0.645,2,4,H
1651.0,1842.0,266.3,229.1,0.327,0.698,1,0,D
1655.0,1552.0,295.9,237.0,0.947,0.103,2,1,H
1308.0,1468.0,237.7,114.7,0.861,0.305,1,3,D
1719.0,1376.0,292.2,162.2,0.359,0.017,2,5,H
1295.0,1576.0,275.1,211.8,0.373,0.455,0,2,A
1538.0,1568.0,254.7,196.2,0.298,0.429,2,1,H
1703.0,1535.0,261.0,259.4,0.326,0.734,1,0,H
1568.0,1622.0,286.2,296.7,0.861,0.167,0,0,D
1453.0,1640.0,226.5,431.6,0.011,0.631,2,4,D
1491.0,1632.0,230.6,248.4,0.436,0.307,1,2,H
1703.0,1568.0,386.6,339.2,0.943,0.382,2,2,H
1408.0,1490.0,466.8,183.6,0.543,0.719,3,1,D
1713.0,1667.0,153.7,116.0,0.45,0.072,1,2,H
1594.0,1601.0,149.2,221.8,0.312,0.343,1,2,H
1481.0,1689.0,173.4,122.2,0.074,0.391,1,3,D
1542.0,1679.0,241.7,251.2,0.224,0.716,4,0,A
1498.0,1458.0,321.7,187.6,0.09,0.199,1,1,H
1687.0,1457.0,297.3,93.7,0.127,0.947,1,0,H
1673.0,1524.0,263.8,388.9,0.164,0.998,1,3,D
1428.0,1494.0,292.3,207.0,0.302,0.819,2,3,A
1560.0,1676.0,194.6,119.0,0.011,0.3,1,1,A
1514.0,1635.0,230.5,321.9,0.95,0.664,2,0,A
1729.0,1710.0,248.4,191.7,0.124,0.083,3,1,H
1465.0,1640.0,123.3,337.2,0.383,0.871,4,3,A
1760.0,1621.0,157.1,191.3,0.88,0.516,2,0,H
1597.0,1720.0,160.3,206.7,0.107,0.176,0,0,D
1484.0,1647.0,311.1,277.6,0.484,0.327,1,0,H
1532.0,1607.0,269.6,297.5,0.845,0.801,0,1,H
1520.0,1748.0,298.9,311.5,0.557,0.87,2,1,D
1473.0,1612.0,102.8,242.8,0.21,0.52,0,3,D
1609.0,1570.0,131.3,292.3,0.736,0.48,0,1,H
1477.0,1516.0,303.1,309.7,0.681,0.751,2,1,D
1382.0,1670.0,27.7,266.0,0.362,0.826,2,4,A
1562.0,1724.0,348.0,238.6,0.046,0.765,2,2,H
1420.0,1595.0,104.1,134.4,0.008,0.384,1,0,A
1525.0,1731.0,317.5,297.9,0.825,0.642,2,0,H
1509.0,1403.0,178.9,253.4,0.322,0.857,0,0,A
1513.0,1594.0,333.9,216.9,0.138,0.152,3,1,H
1800.0,1596.0,506.7,352.2,0.519,0.388,2,1,H
1606.0,1527.0,68.1,135.8,0.921,0.057,0,1,H
1625.0,1838.0,305.6,381.5,0.008,0.409,2,1,A
1422.0,1593.0,105.3,248.2,0.056,0.772,0,4,A
1535.0,1559.0,284.1,275.4,0.417,0.197,3,1,H
1622.0,1603.0,233.5,218.4,0.676,0.542,0,0,A
1498.0,1400.0,260.4,116.6,0.476,0.037,0,0,D
1691.0,1524.0,177.1,238.8,0.898,0.898,2,1,H
1480.0,1698.0,312.4,276.8,0.044,0.82,1,0,A
1571.0,1537.0,134.1,304.1,0.34,0.524,2,3,H
1541.0,1517.0,349.3,234.2,0.351,0.706,2,0,H
1616.0,1731.0,217.3,74.6,0.34,0.104,2,1,H
1536.0,1734.0,137.8,126.7,0.488,0.845,2,1,D
1573.0,1652.0,377.6,414.2,0.791,0.715,1,0,A
1576.0,1554.0,244.6,162.6,0.318,0.12,1,2,D
1527.0,1576.0,402.6,364.2,0.744,0.981,3,0,A
1649.0,1520.0,347.7,175.3,0.146,0.023,4,0,H
1624.0,1501.0,186.1,235.4,0.561,0.629,0,0,H
1591.0,1496.0,243.2,300.0,0.375,0.172,0,2,D
1557.0,1538.0,259.7,184.4,0.539,0.719,4,0,H
1680.0,1497.0,372.1,377.4,0.108,0.07,2,3,D
1576.0,1444.0,285.0,256.1,0.953,0.081,2,1,H
1569.0,1622.0,264.1,286.9,0.906,0.466,1,2,A
1610.0,1623.0,234.0,228.6,0.826,0.994,2,0,D
1770.0,1770.0,246.0,302.7,0.893,0.277,0,1,H
1466.0,1533.0,354.4,376.3,0.147,0.613,1,1,H
1677.0,1630.0,250.3,239.5,0.504,0.519,1,1,H
1411.0,1631.0,218.4,388.4,0.318,0.842,0,2,A
1622.0,1575.0,204.8,201.1,0.887,0.289,4,0,D
1758.0,1674.0,205.7,311.1,0.189,0.555,2,1,H
1649.0,1678.0,137.8,289.1,0.22,0.951,1,1,A
1617.0,1633.0,190.0,164.5,0.687,0.333,1,0,H
1544.0,1574.0,369.9,267.1,0.089,0.439,1,1,H
1603.0,1564.0,233.5,250.6,0.732,0.889,0,0,H
1575.0,1463.0,306.4,181.7,0.268,0.332,1,1,D
1521.0,1519.0,51.7,278.6,0.661,0.381,1,3,A
1571.0,1538.0,295.5,261.7,0.873,0.304,3,2,D
1620.0,1488.0,237.1,244.2,0.61,0.81,3,1,H
1523.0,1644.0,211.5,244.5,0.213,0.93,1,1,D
1519.0,1720.0,264.5,242.8,0.049,0.631,1,2,H
1464.0,1509.0,210.3,220.6,0.045,0.624,1,0,D
1639.0,1628.0,80.1,261.2,0.089,0.39,1,1,H
1655.0,1497.0,323.8,198.5,0.58,0.012,2,0,H
1623.0,1570.0,269.4,462.5,0.348,0.174,2,2,D
1697.0,1531.0,224.9,137.3,0.243,0.147,5,4,H
1609.0,1660.0,172.7,203.2,0.219,0.116,2,2,D
1639.0,1532.0,132.4,209.5,0.949,0.654,0,0,H
1630.0,1701.0,267.9,413.2,0.119,0.136,4,0,A
1591.0,1575.0,379.1,144.4,0.305,0.086,1,4,H
1547.0,1535.0,266.3,284.1,0.471,0.383,0,2,D
1821.0,1475.0,139.4,269.9,0.0,0.249,2,1,H
